"global_step","algo: CAPQL - _step","algo: CAPQL - _step__MIN","algo: CAPQL - _step__MAX","algo: CAPQL - eval/hypervolume","algo: CAPQL - eval/hypervolume__MIN","algo: CAPQL - eval/hypervolume__MAX"
"10000","91","91","91","50315.17164450386","35841.206558281636","71357.43888195984"
"20000","192","192","192","48004.8856920687","39058.06626096599","53492.02378817144"
"30000","293","293","293","61389.733436772185","44520.26102573294","69859.69927213021"
"40000","394","394","394","56020.56303115552","46535.31894597558","67129.11433100898"
"50000","495","495","495","68899.36391282239","49432.66134224085","88077.47750905264"
"60000","596","596","596","66121.8788707445","48766.30272330144","88769.7253386162"
"70000","697","697","697","70912.47664370433","48504.295577597004","85787.37362492154"
"80000","798","798","798","73651.36169721883","47487.87221935116","91343.5683315233"
"90000","899","899","899","82035.06044023336","57014.25106077906","97199.36883284853"
"100000","1000","1000","1000","81865.4532065853","58378.073714356426","102267.13430983809"
"110000","1101","1101","1101","81166.56787578293","57495.83430972708","104532.99840057964"
"120000","1202","1202","1202","79190.95336074317","57844.854077973105","99406.61467994486"
"130000","1303","1303","1303","87359.46288967265","70935.24935578389","102343.26509208983"
"140000","1404","1404","1404","82056.22303666126","59655.986103027346","103980.64459193569"
"150000","1505","1505","1505","84394.29058620744","67126.23504687034","96187.85962620954"
"160000","1606","1606","1606","85852.50058868283","59830.36236265755","107695.34653973226"
"170000","1707","1707","1707","83677.18272825296","60760.85192164921","111263.67509110708"
"180000","1808","1808","1808","80137.67721615509","60522.08637077265","100640.68530242288"
"190000","1909","1909","1909","80912.38950764458","62669.9032200229","99446.41562659071"
"200000","2010","2010","2010","77700.1766653714","61126.1759783355","95854.47146641675"
"210000","2111","2111","2111","78090.07004913803","63885.535218056335","94237.70270216686"
"220000","2212","2212","2212","80933.58901044425","65853.77060222384","98403.11195592611"
"230000","2313","2313","2313","80319.22166892087","66562.18753543122","100150.90010596512"
"240000","2414","2414","2414","82146.57865779783","65918.24624635566","104365.40073030212"
"250000","2515","2515","2515","80081.10831739743","64203.15689613733","100451.09881528042"
"260000","2616","2616","2616","80537.32900447893","65948.89067091826","98943.27623638423"
"270000","2717","2717","2717","81548.58744789024","62729.26654026225","102144.88850479476"
"280000","2818","2818","2818","85177.1356356741","73329.85727720919","103031.32665536343"
"290000","2919","2919","2919","88734.83669464558","68154.97985838112","105393.1361114856"
"300000","3020","3020","3020","83410.03342618914","61694.93389811104","100877.78297109714"
"310000","3121","3121","3121","84497.47666618117","61163.43548555125","102048.72447314834"
"320000","3222","3222","3222","84883.32024714642","63587.6092694082","104385.33889826323"
"330000","3323","3323","3323","86810.39199797407","68202.72700972155","103032.28411728857"
"340000","3424","3424","3424","88015.64511057486","68319.50673871256","104394.01416869674"
"350000","3525","3525","3525","86150.18131343513","65727.98895006877","102230.70680450098"
"360000","3626","3626","3626","87507.14687264901","68351.6559923453","102070.31264726109"
"370000","3727","3727","3727","87069.14509080646","65021.03179112702","105443.40920612586"
"380000","3828","3828","3828","87996.89524916942","70854.51807458249","103702.8373318812"
"390000","3929","3929","3929","85209.22761488793","62777.59520890099","102022.92088837623"
"400000","4030","4030","4030","87188.66187936382","69542.88112637533","106137.8297338371"
"410000","4131","4131","4131","88396.07586547645","69827.95348110044","104476.6280700932"
"420000","4232","4232","4232","89031.81529906187","66860.7203720932","103138.20110795784"
"430000","4333","4333","4333","87399.2583992477","64941.92477868354","108030.02870119136"
"440000","4434","4434","4434","90215.34566427606","65833.91194688233","107794.73685244881"
"450000","4535","4535","4535","88286.35298844446","65069.225997135894","105951.33080264235"
"460000","4636","4636","4636","89421.3443572948","65141.28263303779","108356.61162924716"
"470000","4737","4737","4737","85253.38709788809","58660.45354911368","106526.47925103286"
"480000","4838","4838","4838","91943.37275227583","73488.07135114935","108657.85990730656"
"490000","4939","4939","4939","89925.40618553327","69406.8931683727","107429.94878836583"
"500000","5040","5040","5040","90026.78896734059","70667.51379938515","107304.17022654011"
"510000","5141","5141","5141","93167.92410305089","70358.22289041604","109659.9460183311"
"520000","5242","5242","5242","86635.896291076","64398.81763910679","108434.12032223179"
"530000","5343","5343","5343","88756.6626406916","66110.62064440554","107770.20750672254"
"540000","5444","5444","5444","88256.14175815125","64801.259202043846","110462.81266987787"
"550000","5545","5545","5545","88505.98933727013","63066.870350438796","106411.04660968305"
"560000","5646","5646","5646","91730.3246762815","71083.8147779432","109370.05472702874"
"570000","5747","5747","5747","89407.65202902044","68363.20938313613","107496.31166224557"
"580000","5848","5848","5848","87653.4694396148","64207.84962622935","107333.26018313774"
"590000","5949","5949","5949","88974.84237783901","67025.81710725755","106997.79191647006"
"600000","6050","6050","6050","86065.75670643445","61992.33918825692","105735.01469283013"
"610000","6151","6151","6151","89462.58519442119","66195.94365314196","107818.067955789"
"620000","6252","6252","6252","88928.41297386803","59907.426795235646","105121.292116353"
"630000","6353","6353","6353","89540.75613570241","67414.84931927531","103019.51147209521"
"640000","6454","6454","6454","91262.9948329345","68960.80287688712","107655.71566990249"
"650000","6555","6555","6555","86123.14874365422","60825.44908100725","107933.85940703575"
"660000","6656","6656","6656","90817.41220747441","72980.59961396316","105442.69485317852"
"670000","6757","6757","6757","89355.35369086388","65900.38314021402","108048.747539617"
"680000","6858","6858","6858","87345.62304364733","63123.5420712836","104767.99547205682"
"690000","6959","6959","6959","89219.37158642495","66244.65942928402","105792.72624384628"
"700000","7060","7060","7060","89347.02085478837","71286.08744726333","103499.2995853837"
"710000","7161","7161","7161","89136.56271631295","68537.94437615055","105042.93121008367"
"720000","7262","7262","7262","89825.43077219113","68746.03925193177","106663.6585466014"
"730000","7363","7363","7363","87707.82083744906","63064.06600172998","107073.56195732595"
"740000","7464","7464","7464","89284.51108998444","67570.60192876283","106156.25090206848"
"750000","7565","7565","7565","89634.71259081965","69695.71520889152","107210.0350021251"
"760000","7666","7666","7666","88915.65631101992","67190.63421967255","106959.11346576127"
"770000","7767","7767","7767","91346.61870929094","72316.47083734945","108755.48841435647"
"780000","7868","7868","7868","90794.11261963773","70489.13624488829","108765.0126169689"
"790000","7969","7969","7969","89209.65913676874","68660.42094445645","106203.0975538494"
"800000","8070","8070","8070","88878.91258104269","64846.756168954686","109630.22857776887"
"810000","8171","8171","8171","88672.14124778418","62869.45705935767","109614.83815347253"
"820000","8272","8272","8272","91132.60279246669","68914.19329008015","109918.9986865494"
"830000","8373","8373","8373","90547.87567714899","66694.00251452225","110117.3976690315"
"840000","8474","8474","8474","88335.32499106096","63200.688570395956","106878.24754806564"
"850000","8575","8575","8575","89565.82052543967","66219.92723230751","109214.7043003015"
"860000","8676","8676","8676","87412.97452754702","63476.75691238914","108087.05050407056"
"870000","8777","8777","8777","87807.39673352618","60603.44753118352","105651.584070835"
"880000","8878","8878","8878","87812.9724351844","63642.75372340891","110562.79372123283"
"890000","8979","8979","8979","89669.02156469088","65135.48692979232","109450.62378633302"
"900000","9080","9080","9080","87260.13079853739","60946.8713078321","109762.58573206759"
"910000","9181","9181","9181","90421.1414491016","63572.36805912766","113414.45231247957"
"920000","9282","9282","9282","90220.45639637842","63606.577342073804","110965.99040347744"
"930000","9383","9383","9383","89783.67903846204","66989.19266546662","108836.36368832625"
"940000","9484","9484","9484","90562.18807045867","65287.8703527249","110261.54869319919"
"950000","9585","9585","9585","88863.42545157512","65620.39691838803","108548.53427848809"
"960000","9686","9686","9686","89754.64163719706","66383.79609158776","108744.0352452946"
"970000","9787","9787","9787","89197.83003361161","65002.887757580946","105737.28271227231"
"980000","9888","9888","9888","90814.02280485904","64696.26640543447","111726.50771871545"
"990000","9989","9989","9989","90312.7094369523","66995.57889687296","111060.42373959301"
"1000000","10090","10090","10090","91412.49524297188","71874.44579900302","107546.03150972715"
"1010000","10191","10191","10191","90538.92279326815","66209.55265235716","109277.7565185648"
"1020000","10292","10292","10292","87973.99366687289","65587.13750530356","103809.05847187675"
"1030000","10393","10393","10393","91712.78152411779","64935.752036981","108967.97000566371"
"1040000","10494","10494","10494","90590.7099375821","63931.869072307265","107785.69236901167"
"1050000","10595","10595","10595","89154.3549712086","57886.91835615989","110450.41225783384"
"1060000","10696","10696","10696","85100.68975636827","50133.40542824195","110393.67862761636"
"1070000","10797","10797","10797","89502.20944129555","64579.86139344528","108445.87326262474"
"1080000","10898","10898","10898","91181.28887553098","63830.441087962434","112598.6267528073"
"1090000","10999","10999","10999","89075.2171425069","63621.36220371045","109716.2948092846"
"1100000","11100","11100","11100","87111.59550768166","59157.06592038613","106729.53682909164"
"1110000","11201","11201","11201","88317.34492569767","58036.25739342863","110410.37678377355"
"1120000","11302","11302","11302","91000.62397793109","65833.05935176958","108654.18450168727"
"1130000","11403","11403","11403","90572.23635772674","66203.74204773047","111332.12838899363"
"1140000","11504","11504","11504","91172.67806026584","66222.09802187775","111801.58434083051"
"1150000","11605","11605","11605","90483.43130201304","66043.69331470515","111636.00084652564"
"1160000","11706","11706","11706","91082.75882428109","65060.923922446455","112197.90060218575"
"1170000","11807","11807","11807","91632.2108289658","66322.81588178355","109104.22363347873"
"1180000","11908","11908","11908","93223.08930092097","65474.31994284435","113431.02112444221"
"1190000","12009","12009","12009","91696.17811265541","66494.39915724559","109564.08869078988"
"1200000","12110","12110","12110","91925.8713818263","63693.9478175937","110247.66316017075"
"1210000","12211","12211","12211","93322.04862107073","65412.741955610436","115681.7975519302"
"1220000","12312","12312","12312","96012.62229965867","66911.22614390786","117881.76721095803"
"1230000","12413","12413","12413","96536.67419132889","69268.20044048106","116183.83592100404"
"1240000","12514","12514","12514","96189.08050564602","68129.14252935129","114507.77676451941"
"1250000","12615","12615","12615","95608.98367989731","67111.91913430046","113806.15708054317"
"1260000","12716","12716","12716","95145.83087338156","65625.7134246998","116791.97199005914"
"1270000","12817","12817","12817","94657.66148126467","67267.24507237217","115836.40278965578"
"1280000","12918","12918","12918","90631.39252325763","65513.12712360558","106240.90649260995"
"1290000","13019","13019","13019","92105.64840135485","67530.41432295863","107480.90480743954"
"1300000","13120","13120","13120","94426.03429334902","69051.46841065728","111068.93404448322"
"1310000","13221","13221","13221","95487.61761832579","67229.07735443825","114285.31898963342"
"1320000","13322","13322","13322","94004.0248565484","67069.45082699598","114188.35847054218"
"1330000","13423","13423","13423","93308.25959855765","68041.53681344565","109874.23824180267"
"1340000","13524","13524","13524","95350.16802141773","66714.4846023054","115128.04069969083"
"1350000","13625","13625","13625","92700.68234976346","66783.98551419098","111011.04214810373"
"1360000","13726","13726","13726","91927.15234967989","64766.310850012975","105877.84253172856"
"1370000","13827","13827","13827","93293.06879151954","66690.91687676558","109125.09718422664"
"1380000","13928","13928","13928","90284.00832955685","64721.82954414062","106901.8604008272"
"1390000","14029","14029","14029","93685.0662314814","66085.3479130167","115037.31684640118"
"1400000","14130","14130","14130","90414.7965638752","66345.93768531884","104718.36945760754"
"1410000","14231","14231","14231","93356.27205722086","65478.26691274825","111410.92935937081"
"1420000","14332","14332","14332","94277.68683406427","71112.2469575197","109840.18178943062"
"1430000","14433","14433","14433","92272.11224714346","70717.28108225507","103473.65629239765"
"1440000","14534","14534","14534","93645.56801913661","64933.25472863764","115514.32242512281"
"1450000","14635","14635","14635","92104.72497659299","64884.006500369134","107657.42654090234"
"1460000","14736","14736","14736","90070.91145240441","61124.98027751009","106584.50868104401"
"1470000","14837","14837","14837","92463.6278189416","65511.24807894377","109349.10262899152"
"1480000","14938","14938","14938","97783.47689352983","76557.7179511277","112448.03980165656"
"1490000","15039","15039","15039","95444.05261405172","67708.21382163421","111374.11493564503"
"1500000","15140","15140","15140","96721.56776441228","73239.34621193219","111378.52579633046"
"1510000","15241","15241","15241","93066.26971645548","64998.86010061245","111534.45265282865"
"1520000","15342","15342","15342","91052.94932505886","61915.65011644905","111011.13669889825"
"1530000","15443","15443","15443","92693.83929656186","63999.57168641969","115100.11262017666"
"1540000","15544","15544","15544","94300.35814092764","65448.118911157544","116565.09280491713"
"1550000","15645","15645","15645","92575.38399655522","68960.74102430411","107164.69708003744"
"1560000","15746","15746","15746","90676.4854031632","68244.25189454292","103139.51969993167"
"1570000","15847","15847","15847","96866.95839061716","73730.77025130687","114854.86069913175"
"1580000","15948","15948","15948","98466.23624122287","80960.78614853937","111850.03545303093"
"1590000","16049","16049","16049","93843.03974830452","67391.73165302703","113930.52935698326"
"1600000","16150","16150","16150","93141.50831402831","68336.63445609456","109413.3945929989"
"1610000","16251","16251","16251","94678.68044167338","76351.40543076757","105097.23192496931"
"1620000","16352","16352","16352","95036.77642774524","78390.30849664495","106224.39392721666"
"1630000","16453","16453","16453","101771.7924381212","76852.16961492918","118015.77607998237"
"1640000","16554","16554","16554","94796.25862606456","72861.0082031135","110243.3284721351"
"1650000","16655","16655","16655","94664.1783002083","67401.77296241031","112589.5360744083"
"1660000","16756","16756","16756","96757.01584154682","70880.71279750076","113839.69728763054"
"1670000","16857","16857","16857","96899.03228625403","72619.44129963731","111001.45987778663"
"1680000","16958","16958","16958","97786.1243448928","76352.4661339027","110710.87058601783"
"1690000","17059","17059","17059","99168.4141822779","70584.02375500656","115531.32205002698"
"1700000","17160","17160","17160","93735.01200816808","64393.06001815659","109603.63237068467"
"1710000","17261","17261","17261","99320.97136033913","77081.26466294826","111204.54208687684"
"1720000","17362","17362","17362","97158.65187443006","64745.47657428447","114008.32701617238"
"1730000","17463","17463","17463","95553.05758942613","63975.23443282021","111755.68172320968"
"1740000","17564","17564","17564","98193.71898898465","70406.45732784866","115703.54174014225"
"1750000","17665","17665","17665","99770.15293892822","72895.52808638412","116929.88054052723"
"1760000","17766","17766","17766","96044.19677441934","59381.2313709054","118285.74294024076"
"1770000","17867","17867","17867","94674.50942086498","63537.84088032883","112246.65151036283"
"1780000","17968","17968","17968","98754.18546163959","68520.61722858582","114486.54511925831"
"1790000","18069","18069","18069","95024.54462728281","72196.6354096737","107807.54645225154"
"1800000","18170","18170","18170","99240.4683421296","73832.38121548214","114821.30230638054"
"1810000","18271","18271","18271","91804.48555240489","65810.42147951761","106149.00144091733"
"1820000","18372","18372","18372","99311.84039705509","73834.15343293262","114920.80501943282"
"1830000","18473","18473","18473","97895.52476228296","71238.6384061637","112827.07106914879"
"1840000","18574","18574","18574","98447.304478243","70403.0713165105","113900.72883101537"
"1850000","18675","18675","18675","93967.97392645944","63633.514545487094","109647.88293754005"
"1860000","18776","18776","18776","95945.51799015468","71969.88124170116","110045.5904542488"
"1870000","18877","18877","18877","96344.56852220355","69810.49140409549","111299.28415484438"
"1880000","18978","18978","18978","94860.87197741978","64760.520433714286","115070.9039446959"
"1890000","19079","19079","19079","93504.6880774554","62317.00474858952","113485.15372039753"
"1900000","19180","19180","19180","101619.57163937285","72142.96850789286","118934.49186063945"
"1910000","19281","19281","19281","101654.47601131535","73520.93445256852","118802.35312639087"
"1920000","19382","19382","19382","95335.04063556175","68685.48919384577","111665.19974553052"
"1930000","19483","19483","19483","97026.01459515584","72532.69574650493","110546.19924817944"
"1940000","19584","19584","19584","97268.56859141821","73522.26063707305","115408.27841053155"
"1950000","19685","19685","19685","98567.43072104547","67644.65549705969","117060.56932972914"
"1960000","19786","19786","19786","99467.66433830651","70531.19201426675","117078.99760753544"
"1970000","19887","19887","19887","97830.76588556595","68899.49398571886","112593.53089275057"
"1980000","19988","19988","19988","98327.37041185379","69000.56180025035","114831.29674604212"
"1990000","20089","20089","20089","99757.53794510145","67308.38715348451","117385.05730631611"
"2000000","20190","20190","20190","101430.26105954796","69400.1914037427","121263.10617576289"
"2010000","20291","20291","20291","100137.53550936114","64019.12795415376","126706.25341902055"
"2020000","20392","20392","20392","96298.77351948782","70944.86296881121","116781.53879396961"
"2030000","20493","20493","20493","94116.41034234427","63866.82622108686","114674.79333987297"
"2040000","20594","20594","20594","95275.80004071165","64463.095613259946","115655.39434160251"
"2050000","20695","20695","20695","96425.51895314349","61241.139210889276","115275.61438253688"
"2060000","20796","20796","20796","102226.1952777902","69708.0210381549","122759.95669721803"
"2070000","20897","20897","20897","99130.67962864456","68137.16511782314","116535.07992663943"
"2080000","20998","20998","20998","97312.63341928396","69979.19288295903","112181.26943333019"
"2090000","21099","21099","21099","97577.75200592777","69050.73636723545","113363.50301369687"
"2100000","21200","21200","21200","96053.12554756248","63178.94814381711","115270.07882444994"
"2110000","21301","21301","21301","95359.43176837725","67425.18595343646","114017.27806796774"
"2120000","21402","21402","21402","96800.6020262057","69235.76507784321","113884.69841943817"
"2130000","21503","21503","21503","98702.33886389656","69639.12573456985","115943.26635019944"
"2140000","21604","21604","21604","95640.09630160038","66041.50184391675","114622.88190369889"
"2150000","21705","21705","21705","96038.96031677468","62502.9421647233","113414.59294134559"
"2160000","21806","21806","21806","97207.0068924291","65848.80457271077","113761.85956951517"
"2170000","21907","21907","21907","99361.68744907288","70200.3714600735","116262.52339610262"
"2180000","22008","22008","22008","95699.26479512248","71765.08778858239","111895.58118648097"
"2190000","22109","22109","22109","97163.39626523736","69609.59959750355","111643.764847275"
"2200000","22210","22210","22210","98986.97070902603","71647.48545622204","113538.11490139156"
"2210000","22311","22311","22311","94638.82677327248","70243.38957175995","107957.37590643505"
"2220000","22412","22412","22412","85288.5906114864","69439.21451467431","107196.90952319831"
"2230000","22513","22513","22513","97287.76692243082","70523.21162548255","124416.38172239345"
"2240000","22614","22614","22614","97241.84727173187","69047.55134199173","117437.79073591818"
"2250000","22715","22715","22715","93989.00449006491","66206.0430603727","117095.51667602234"
"2260000","22816","22816","22816","92764.02847641859","65036.16057923351","119263.4337340725"
"2270000","22917","22917","22917","98528.8607363801","68207.18213730257","121787.77776609611"
"2280000","23018","23018","23018","97913.92213918874","68520.44785037174","112975.78868290676"
"2290000","23119","23119","23119","101094.94896169535","68099.47668983255","122110.77961080788"
"2300000","23220","23220","23220","97167.30116447467","61467.610935812794","117559.82260268055"
"2310000","23321","23321","23321","100069.9855151723","67057.17299738794","119096.43561188116"
"2320000","23422","23422","23422","98271.07587852453","65905.92521596779","116435.59861111578"
"2330000","23523","23523","23523","101754.57113797218","67756.70716177861","123990.43658870188"
"2340000","23624","23624","23624","99039.02091469029","65414.66862196235","119624.11920407164"
"2350000","23725","23725","23725","99151.51156103757","68709.48002610204","118250.88202328482"
"2360000","23826","23826","23826","98718.30490977377","69714.11948465976","117254.86402206484"
"2370000","23927","23927","23927","93609.62078994972","65853.67591915303","108596.22089775997"
"2380000","24028","24028","24028","98951.85450402896","68854.80551255976","117595.84900994138"
"2390000","24129","24129","24129","96090.31436861122","65264.987413024144","114937.55192083938"
"2400000","24230","24230","24230","94432.70364466256","68071.65592219665","108302.31543166717"
"2410000","24331","24331","24331","96613.46130012255","69023.2578509154","111994.55538134306"
"2420000","24432","24432","24432","98293.33502792307","68318.86884337591","116366.27216447043"
"2430000","24533","24533","24533","96702.72724573147","71140.4626583858","112503.03233931636"
"2440000","24634","24634","24634","94507.5131657039","65907.95084932048","113375.3367875989"
"2450000","24735","24735","24735","97263.6327621045","64924.63623652661","116546.10566946396"
"2460000","24836","24836","24836","96953.0707919059","72174.30696628636","116644.44193239056"
"2470000","24937","24937","24937","96417.81722402041","68339.36014805501","117202.6181585805"
"2480000","25038","25038","25038","98247.29133500277","70868.63436509382","116030.01512719606"
"2490000","25139","25139","25139","97508.94290941035","67554.11211279749","116155.89141891022"
"2500000","25240","25240","25240","97145.83811733134","69049.45420503529","114726.00267358148"
"2510000","25341","25341","25341","97402.87323092546","63557.11698019453","115745.87605820896"
"2520000","25442","25442","25442","96146.61601906955","68668.00099032222","114728.04591767889"
"2530000","25543","25543","25543","97942.08763850178","67513.51663683899","119433.84605307606"
"2540000","25644","25644","25644","96652.41226660459","64679.67191378244","116955.47043090484"
"2550000","25745","25745","25745","97072.22072441607","67323.27475046093","117343.03929002388"
"2560000","25846","25846","25846","98773.96682978199","66167.64951849861","117245.92673698787"
"2570000","25947","25947","25947","101511.27587171785","69648.46641637989","119860.89456099704"
"2580000","26048","26048","26048","101084.4725448545","64996.36428619627","119215.35415738965"
"2590000","26149","26149","26149","100887.07059132052","67941.0969705432","117592.39109919115"
"2600000","26250","26250","26250","99044.96848736312","65969.04460428795","116055.48565001751"
"2610000","26351","26351","26351","99092.16347729991","72135.18466023737","116687.34002257082"
"2620000","26452","26452","26452","99940.96134263994","71383.16778075972","117483.55584315646"
"2630000","26553","26553","26553","98063.96460073309","68694.34495685429","115603.88213687869"
"2640000","26654","26654","26654","98456.9735138478","69919.44097444759","117222.76252078239"
"2650000","26755","26755","26755","97230.07335521407","69810.67669302519","112886.21598669195"
"2660000","26856","26856","26856","98277.50103764974","67924.99838604528","116815.92449455234"
"2670000","26957","26957","26957","99342.38442177502","71046.22603373342","117291.48731299637"
"2680000","27058","27058","27058","101059.24321519524","70219.19640237257","117715.28524553633"
"2690000","27159","27159","27159","101435.86026329927","67671.13967022387","120466.37280814935"
"2700000","27260","27260","27260","101715.79140992626","69250.48693042276","119862.64573852732"
"2710000","27361","27361","27361","99687.0415790102","69969.6872804694","118251.07021106782"
"2720000","27462","27462","27462","98729.60994060586","70313.51514067613","117683.69575525224"
"2730000","27563","27563","27563","98804.58928595817","70199.03097295016","115121.78027094576"
"2740000","27664","27664","27664","100209.72697280913","71163.10072031853","116202.46522089056"
"2750000","27765","27765","27765","100576.02353646346","68910.27239175612","120551.56088125565"
"2760000","27866","27866","27866","101049.39631245767","70712.19336070935","118809.1288746451"
"2770000","27967","27967","27967","100784.46736515379","72090.58564099125","117612.44495585977"
"2780000","28068","28068","28068","100623.62026358732","70914.71745607408","116532.01814511015"
"2790000","28169","28169","28169","99670.62697613057","73358.98252603623","118413.5052025561"
"2800000","28270","28270","28270","101492.87826250687","73068.33735427348","115742.20348420864"
"2810000","28371","28371","28371","99455.55608840469","68240.79382471164","118162.63204810963"
"2820000","28472","28472","28472","99311.97686068724","71357.4804820707","117116.04007853396"
"2830000","28573","28573","28573","98099.04274301081","70886.24181909359","117787.49230861242"
"2840000","28674","28674","28674","98366.71430082002","69989.1347398186","116885.82579014855"
"2850000","28775","28775","28775","98235.00460180355","70420.99452439882","118384.08280909117"
"2860000","28876","28876","28876","98538.48297505513","72823.82912431115","118415.74325146174"
"2870000","28977","28977","28977","97456.14832360369","69539.16291066137","116813.28766254682"
"2880000","29078","29078","29078","99854.79706283381","69816.6474877921","117876.40775783968"
"2890000","29179","29179","29179","98082.46336960525","72259.54134450464","111219.20249242925"
"2900000","29280","29280","29280","101041.93331913848","66116.06258007124","119529.04104266953"
"2910000","29381","29381","29381","102700.62141803803","71178.24127420704","118755.90582152102"
"2920000","29482","29482","29482","102252.46491505219","67308.61586265203","121257.63876877568"
"2930000","29583","29583","29583","103982.34893982654","70411.21397596797","120906.90713293456"
"2940000","29684","29684","29684","102406.88793965026","74041.25193350577","117399.76733330623"
"2950000","29785","29785","29785","101456.00454946606","70003.65478263114","118072.78256347649"
"2960000","29886","29886","29886","99845.22828577994","69093.31518260852","117952.59829753752"
"2970000","29987","29987","29987","99602.37395946552","67643.00039681866","119849.3872390085"
"2980000","30088","30088","30088","99803.933974817","68686.1908868131","118100.57152941113"
"2990000","30189","30189","30189","101711.95134410793","74646.14263741058","119153.17072148107"
"3000000","30290","30290","30290","101823.87397544323","70364.28168011192","117583.96853702882"
"3010000","30391","30391","30391","102227.17394709877","73268.42121040961","118795.50750864949"
"3020000","30492","30492","30492","101339.05570622704","71571.36781474118","118159.45701404431"
"3030000","30593","30593","30593","101224.47750660185","69389.55722799839","117494.52679026924"
"3040000","30694","30694","30694","102061.62811453907","69870.25182459106","119249.52377842349"
"3050000","30795","30795","30795","99219.44403409703","65388.135449765185","119416.9021541458"
"3060000","30896","30896","30896","97177.2217078883","69993.84264576153","112072.82927825794"
"3070000","30997","30997","30997","98700.20521478413","69906.5098586051","114439.25645450973"
"3080000","31098","31098","31098","102123.88822114134","71219.41584877582","120423.55064268527"
"3090000","31199","31199","31199","102299.2972752413","68964.99544577129","120934.8225359184"
"3100000","31300","31300","31300","99983.07733780732","65948.3070113521","120000.30768266851"
"3110000","31401","31401","31401","97785.47179392567","66264.33343549761","116592.40008628192"
"3120000","31502","31502","31502","99974.38926789582","66205.52569344007","120472.65834231897"
"3130000","31603","31603","31603","98005.5080488613","63332.035334807224","121603.07680595966"
"3140000","31704","31704","31704","97204.31210068862","65686.6584317656","118278.55022758257"
"3150000","31805","31805","31805","97591.34763274482","65778.98359104202","118872.48909232552"
"3160000","31906","31906","31906","97091.28550583757","66098.42744804712","114925.46917333755"
"3170000","32007","32007","32007","97353.00590570901","66953.31238788932","115607.31634412555"
"3180000","32108","32108","32108","99655.48885752463","69801.63612425666","118790.71395521061"
"3190000","32209","32209","32209","100257.24730349572","72710.69203690441","119707.1843867151"
"3200000","32310","32310","32310","101968.45027736972","72130.27449943301","119301.65432454314"
"3210000","32411","32411","32411","100482.0391580843","72111.96136741154","119827.67331038511"
"3220000","32512","32512","32512","100541.28550460377","72455.9017829603","118049.8948346102"
"3230000","32613","32613","32613","102908.13415271493","71050.16417434288","119297.32041942973"
"3240000","32714","32714","32714","103850.74818698702","76426.09053515631","117918.23818404188"
"3250000","32815","32815","32815","98772.05267477076","73017.58961011657","114922.58827824381"
"3260000","32916","32916","32916","98185.09604459097","73638.216499142","111422.75359394154"
"3270000","33017","33017","33017","95288.8172013448","70405.83893495132","112732.85250962655"
"3280000","33118","33118","33118","98112.72321766657","73014.39374187923","111831.89306126545"
"3290000","33219","33219","33219","101314.79661491024","70266.99734107964","119205.79995056585"
"3300000","33320","33320","33320","98396.2495181086","70197.18901938968","112910.15136037162"
"3310000","33421","33421","33421","98226.7726543348","69112.83435234889","114614.06518857776"
"3320000","33522","33522","33522","96497.30601888547","67125.78503828775","111303.80829743561"
"3330000","33623","33623","33623","96203.74594146863","66943.06512058937","112925.10025939438"
"3340000","33724","33724","33724","96382.96577053149","67379.39946230016","115055.28648096556"
"3350000","33825","33825","33825","98730.95786037267","68160.27272109054","116347.9492123544"
"3360000","33926","33926","33926","98645.82459084976","68400.18063493798","116553.1991235246"
"3370000","34027","34027","34027","98251.66662038343","64837.119324680934","119489.76026012581"
"3380000","34128","34128","34128","98295.53539464856","66203.07471993135","116571.1786704352"
"3390000","34229","34229","34229","99246.1510242718","68805.536819487","118513.60364047193"
"3400000","34330","34330","34330","101924.09948565705","68000.14969760164","119550.93761693963"
"3410000","34431","34431","34431","100172.47835264746","69195.57398124415","116138.18143505423"
"3420000","34532","34532","34532","98674.4482600891","66084.34771303364","116623.07838969903"
"3430000","34633","34633","34633","98169.12716921729","66207.53703323341","114547.29299405924"
"3440000","34734","34734","34734","93932.57198082864","70017.2927254595","115052.63307055863"
"3450000","34835","34835","34835","94127.36871963534","69825.81982703744","115454.42486225802"
"3460000","34936","34936","34936","92892.5478898002","68719.44007886716","114135.45806225287"
"3470000","35037","35037","35037","97327.83924243118","69689.2772081515","113816.00356997753"
"3480000","35138","35138","35138","97074.10316611575","69356.03788798742","111910.6578350896"
"3490000","35239","35239","35239","97782.18033841143","69032.82647916433","113458.69089686732"
"3500000","35340","35340","35340","96268.86194202623","70463.11504802422","111093.22613633133"
"3510000","35441","35441","35441","97580.18949532091","70144.79549121151","112714.14537450788"
"3520000","35542","35542","35542","98192.57557056476","69730.88631468406","112674.82822010077"
"3530000","35643","35643","35643","99350.69484626378","69057.29033088413","117248.75827869863"
"3540000","35744","35744","35744","98704.97853041806","69045.58601142181","115707.04681091517"
"3550000","35845","35845","35845","98472.87276665507","66988.21029413026","117050.96724228456"
"3560000","35946","35946","35946","98326.84284333885","66586.49639827362","118194.32698633571"
"3570000","36047","36047","36047","101847.54516504852","66360.69448512842","120662.4614581159"
"3580000","36148","36148","36148","98059.62787053816","67967.08135720805","114678.48214053326"
"3590000","36249","36249","36249","99652.87202042706","69959.3181180174","118887.56162979911"
"3600000","36350","36350","36350","101279.22609240028","75580.44309305148","118633.59092161301"
"3610000","36451","36451","36451","100218.51601782134","69298.44301683051","118856.16455159409"
"3620000","36552","36552","36552","100300.23298597976","70372.28966893433","118303.97043730463"
"3630000","36653","36653","36653","99419.05304943181","69785.37826160865","117487.51768885077"
"3640000","36754","36754","36754","100446.04764909053","71179.95980043247","118066.94804712664"
"3650000","36855","36855","36855","103140.57450623345","71789.06841437763","119850.47936138141"
"3660000","36956","36956","36956","100200.66367360686","71571.81437153748","115839.83978341543"
"3670000","37057","37057","37057","98775.87011551026","67536.80589795747","115727.09209252201"
"3680000","37158","37158","37158","98096.58515757955","68038.37222842497","113523.11677392147"
"3690000","37259","37259","37259","103091.18129685907","68914.45496180697","121790.98757129477"
"3700000","37360","37360","37360","102143.52446437218","68488.4617575405","120012.2545989855"
"3710000","37461","37461","37461","101337.6949156698","68056.8500995667","122076.97111224335"
"3720000","37562","37562","37562","103209.50317402324","68307.01171341076","121713.12887477248"
"3730000","37663","37663","37663","105057.18682486058","67669.65119845982","123987.84713097243"
"3740000","37764","37764","37764","102934.31265193403","68824.11500392402","123927.86471062593"
"3750000","37865","37865","37865","100684.0997516077","66909.45164610594","117634.1685111073"
"3760000","37966","37966","37966","104170.72082452214","70386.41624020836","121153.82596458687"
"3770000","38067","38067","38067","105279.39171738182","70087.35743525479","124393.147187473"
"3780000","38168","38168","38168","101041.3535504192","70283.16160685038","119377.61395811847"
"3790000","38269","38269","38269","100181.82924673","67119.6481329361","120253.47875790118"
"3800000","38370","38370","38370","101120.95753986253","67493.26941386175","119148.92493296509"
"3810000","38471","38471","38471","101044.27544210367","68587.50617333852","120896.2131572987"
"3820000","38572","38572","38572","101047.36733447229","69764.4985525097","117231.04201573346"
"3830000","38673","38673","38673","99053.40961140701","68214.49719658561","115454.40177673532"
"3840000","38774","38774","38774","101490.19146634683","66845.35538502414","119861.11609285674"
"3850000","38875","38875","38875","102089.74976115332","70823.22598371128","119295.5020694669"
"3860000","38976","38976","38976","99446.85857959923","66027.9601155169","117834.47129552864"
"3870000","39077","39077","39077","101704.74522878532","69473.97390516187","119994.40729936305"
"3880000","39178","39178","39178","100439.48179645349","74180.00514577852","115686.216842408"
"3890000","39279","39279","39279","99934.44993695342","73892.15919055576","113618.59256531372"
"3900000","39380","39380","39380","99969.47333393287","70056.08916613972","118499.82690621368"
"3910000","39481","39481","39481","100845.11507121222","69009.85125518308","118793.24354893796"
"3920000","39582","39582","39582","100512.17652537844","69639.24059941813","117153.74351334943"
"3930000","39683","39683","39683","102398.18676514267","75921.79688635835","116565.99870608648"
"3940000","39784","39784","39784","102590.0751739164","72535.00330300721","118486.56096744254"
"3950000","39885","39885","39885","101730.75923020732","74211.38955691071","117316.02499628656"
"3960000","39986","39986","39986","100041.38556270674","67908.01150110521","117551.16261387372"
"3970000","40087","40087","40087","101851.43262034275","70934.41729601487","117423.97801970689"
"3980000","40188","40188","40188","102907.71455130623","73786.21289516361","118611.22444267207"
"3990000","40289","40289","40289","102464.86659947418","74132.09455437506","116989.81549829745"
"4000000","40390","40390","40390","103231.87027259187","73344.63219849208","119221.54454613956"
"4010000","40491","40491","40491","104028.09370623226","79901.35835528403","117020.74367718834"
"4020000","40592","40592","40592","101479.27336380514","71646.40722584813","118075.94430349421"
"4030000","40693","40693","40693","100972.74894910026","70644.02027288511","118241.44151696193"
"4040000","40794","40794","40794","99981.00697420485","69787.68429434173","115551.84505123846"
"4050000","40895","40895","40895","101383.68547152693","75466.2257294592","114567.1584715005"
"4060000","40996","40996","40996","100565.37563256746","75222.16350031614","114687.70102886917"
"4070000","41097","41097","41097","98827.2551546369","72239.3850501132","112326.56070936454"
"4080000","41198","41198","41198","99192.22479617142","72872.93451201657","112477.34504377018"
"4090000","41299","41299","41299","99903.56955317833","75152.25832823548","113626.95807886875"
"4100000","41400","41400","41400","101306.74233800365","74843.62824220913","115267.9556721962"
"4110000","41501","41501","41501","103064.25890735588","77767.95507756175","118278.52862204408"
"4120000","41602","41602","41602","100694.22229928886","72647.14107644475","114833.59956253681"
"4130000","41703","41703","41703","100940.70608695499","78166.05025567424","113207.91820631942"
"4140000","41804","41804","41804","100757.6938111746","74377.30552907984","114452.11460194076"
"4150000","41905","41905","41905","101620.6618331244","77922.19784715903","115509.51028500467"
"4160000","42006","42006","42006","102189.7151980861","78820.5798827252","114488.78956435093"
"4170000","42107","42107","42107","102840.51542259943","75120.32123727794","116854.93220058993"
"4180000","42208","42208","42208","99626.53707375789","76398.00390680539","113090.58800189149"
"4190000","42309","42309","42309","101470.39247463348","76017.31402613202","118143.53445316627"
"4200000","42410","42410","42410","98948.87651746887","75693.96587120688","111519.288555979"
"4210000","42511","42511","42511","101493.1539993357","73097.48750853872","116838.94164426802"
"4220000","42612","42612","42612","102645.9893199565","77432.26764689267","116348.34178970932"
"4230000","42713","42713","42713","101885.84295369417","72328.97698491355","119053.26466192854"
"4240000","42814","42814","42814","102085.53410308443","77284.5237077866","116145.47427329114"
"4250000","42915","42915","42915","102897.16617462393","76965.35172982974","116087.99299890385"
"4260000","43016","43016","43016","102630.42866173633","76381.42294187928","119143.90817442565"
"4270000","43117","43117","43117","103393.55810636985","78619.16818736147","116900.91006584172"
"4280000","43218","43218","43218","102418.05450857391","75335.59082853553","118239.89371082728"
"4290000","43319","43319","43319","101761.9829220078","74665.36084047655","116868.73940878327"
"4300000","43420","43420","43420","101155.60840374243","75260.98854538216","115756.51244891144"
"4310000","43521","43521","43521","100783.95547862387","74380.55285906747","118036.18833110805"
"4320000","43622","43622","43622","102746.89935925147","75149.50080294833","118057.78124710725"
"4330000","43723","43723","43723","99668.41804036823","72781.15708997475","118510.72781628375"
"4340000","43824","43824","43824","76623.49445687105","39011.634087783925","117019.11649337944"
"4350000","43925","43925","43925","78605.93650559724","42247.75698630795","120979.45568718931"
"4360000","44026","44026","44026","74120.30145019744","29679.099368921714","118351.56699963185"
"4370000","44127","44127","44127","77261.8742202716","37351.037447350165","120505.85904115933"
"4380000","44228","44228","44228","77372.69251310211","38952.336295344445","118484.64485761138"
"4390000","44329","44329","44329","83772.34329548808","56062.50278465397","118240.93408230954"
"4400000","44430","44430","44430","76514.34451746079","37802.89436334789","117688.05825035236"
"4410000","44531","44531","44531","95010.6069830575","74684.75622190163","119459.05092825572"
"4420000","44632","44632","44632","87560.56041648565","66861.4277670141","119383.56548236083"
"4430000","44733","44733","44733","100230.86844795725","82147.3914348379","118314.3454610766"
"4440000","44834","44834","44834","106419.24677452832","92727.76248362393","120110.73106543272"
"4450000","44935","44935","44935","114921.18726821845","111339.45406838565","118502.92046805125"
"4460000","45036","45036","45036","116625.93204490378","113516.14123930995","119735.72285049762"
"4470000","45137","45137","45137","113044.5306905992","109227.09430262492","116861.9670785735"
"4480000","45238","45238","45238","107839.407820063","97438.57865321156","118240.23698691446"
"4490000","45339","45339","45339","103920.16831079876","90060.92884227204","117779.40777932547"
"4500000","45440","45440","45440","107324.18055948851","95766.59129565688","118881.76982332012"
"4510000","45541","45541","45541","109205.89500662961","98691.01820939234","119720.77180386687"
"4520000","45642","45642","45642","106768.89399136322","94531.35135559851","119006.43662712793"
"4530000","45743","45743","45743","109335.46507000414","98264.29882738813","120406.63131262014"
"4540000","45844","45844","45844","111614.40422885369","102696.4735520116","120532.33490569578"
"4550000","45945","45945","45945","113194.77654381786","105919.88541606514","120469.6676715706"
"4560000","46046","46046","46046","111755.53356698525","102383.25207655194","121127.81505741856"
"4570000","46147","46147","46147","109251.99189901126","105261.30791602665","113242.67588199588"
"4580000","46248","46248","46248","111798.74193158025","102357.32906570978","121240.15479745073"
"4590000","46349","46349","46349","114767.05674771426","107507.5051955696","122026.60829985891"
"4600000","46450","46450","46450","113673.01704454995","103390.48932631503","123955.54476278488"
"4610000","46551","46551","46551","112234.23019573887","104985.25749720144","119483.2028942763"
"4620000","46652","46652","46652","113125.70491627834","102299.56613667426","123951.84369588243"
"4630000","46753","46753","46753","112340.89118029803","105021.15637885765","119660.62598173841"
"4640000","46854","46854","46854","111666.882961292","103485.61245385985","119848.15346872414"
"4650000","46955","46955","46955","111078.70330531393","104273.3094933407","117884.09711728717"
"4660000","47056","47056","47056","110164.9742658718","101690.09081409733","118639.85771764629"
"4670000","47157","47157","47157","112355.52187493363","106566.37436677243","118144.66938309484"
"4680000","47258","47258","47258","110136.24622968002","102956.4158717568","117316.07658760322"
"4690000","47359","47359","47359","107942.38563709629","99560.66375788258","116324.10751631"
"4700000","47460","47460","47460","107859.16520104896","99525.65492530132","116192.6754767966"
"4710000","47561","47561","47561","107144.42583928618","95822.43730216897","118466.41437640341"
"4720000","47662","47662","47662","104937.61360379492","94818.62060590231","115056.60660168753"
"4730000","47763","47763","47763","111488.49810667685","101556.31662730114","121420.67958605255"
"4740000","47864","47864","47864","111952.68510474588","104594.46728618906","119310.9029233027"
"4750000","47965","47965","47965","111113.7608382933","103947.66970159223","118279.85197499438"
"4760000","48066","48066","48066","107888.24069683524","100964.40870146659","114812.07269220389"
"4770000","48167","48167","48167","113120.3975358614","107234.21945842907","119006.57561329372"
"4780000","48268","48268","48268","108790.74357220583","103423.63847944637","114157.84866496528"
"4790000","48369","48369","48369","110100.99901150528","104783.925226637","115418.07279637357"
"4800000","48470","48470","48470","113528.29871835219","108380.81368927167","118675.7837474327"
"4810000","48571","48571","48571","116367.65556489874","114286.94539832215","118448.36573147532"
"4820000","48672","48672","48672","108363.70666211596","102737.34159712368","113990.07172710822"
"4830000","48773","48773","48773","111684.68206616706","105255.80905673692","118113.5550755972"
"4840000","48874","48874","48874","112384.40702271699","109386.76120194598","115382.052843488"
"4850000","48975","48975","48975","112581.69031025888","107576.63611039825","117586.7445101195"
"4860000","49076","49076","49076","116061.96098083255","114666.09863140262","117457.82333026247"
"4870000","49177","49177","49177","111481.81481915916","103725.57881583077","119238.05082248757"
"4880000","49278","49278","49278","113090.91600992391","110861.32591766084","115320.50610218696"
"4890000","49379","49379","49379","116326.11750112104","113669.6096300071","118982.62537223501"
"4900000","49480","49480","49480","117394.491033409","115398.36024671291","119390.6218201051"
"4910000","49581","49581","49581","115329.18654202225","111525.93610995449","119132.43697409001"
"4920000","49682","49682","49682","112749.45578849685","110742.85289692039","114756.05868007333"
"4930000","49783","49783","49783","114862.18095100946","114687.474658341","115036.88724367792"
"4940000","49884","49884","49884","114520.87505992301","113921.63361047459","115120.11650937144"
"4950000","49985","49985","49985","111657.64847221383","107411.91645630258","115903.38048812505"
"4960000","50086","50086","50086","111058.62430004867","106174.5989224782","115942.64967761915"
"4970000","50187","50187","50187","108762.66101248932","103304.68232618352","114220.63969879512"
"4980000","50288","50288","50288","114505.29396589583","111618.22876772647","117392.35916406522"
"4990000","50389","50389","50389","115013.16555199353","114180.25744539469","115846.07365859239"
"5000000","50490","50490","50490","113721.82479194166","110973.7879969455","116469.86158693783"