"global_step","algo: CAPQL - _step","algo: CAPQL - _step__MIN","algo: CAPQL - _step__MAX","algo: CAPQL - eval/sparsity","algo: CAPQL - eval/sparsity__MIN","algo: CAPQL - eval/sparsity__MAX"
"10000","91","91","91","346.89300310288223","20.03717580240352","938.2282476654626"
"20000","192","192","192","184.10330631407626","39.46460045300691","430.1115803515962"
"30000","293","293","293","214.2145013280734","128.42977568698464","312.7778793485799"
"40000","394","394","394","116.06540328964802","74.38179846653267","197.48100188724217"
"50000","495","495","495","88.76594102741421","36.23219956670899","123.0332387075843"
"60000","596","596","596","234.51215168654235","43.32655524297064","607.5460600189703"
"70000","697","697","697","519.4160951697568","57.90864596770151","798.0299330244094"
"80000","798","798","798","223.21814101231155","68.3367529317106","411.3148035039677"
"90000","899","899","899","185.1258985684842","131.10646695441335","262.3861938128002"
"100000","1000","1000","1000","341.51475831617785","25.985227732114982","928.677036708342"
"110000","1101","1101","1101","327.9285635352699","55.26457050116505","720.7546172793492"
"120000","1202","1202","1202","107.25104549728395","38.19095473355788","214.412411492982"
"130000","1303","1303","1303","180.83911471032357","21.69746640539018","384.9960003607958"
"140000","1404","1404","1404","91.80511193804038","10.38760925112811","205.48192734396753"
"150000","1505","1505","1505","82.81603101243739","34.61578767195568","135.54064036440315"
"160000","1606","1606","1606","82.72886783214672","31.196238583770565","113.937788548145"
"170000","1707","1707","1707","52.42818675420332","17.750562684057098","93.72866798816099"
"180000","1808","1808","1808","94.57691541319689","72.61153433608577","123.96346161078127"
"190000","1909","1909","1909","25.236504479755713","0","45.414237876067276"
"200000","2010","2010","2010","426.29824366467983","66.61188915597906","1120.1142529926929"
"210000","2111","2111","2111","362.6479831874292","16.636042564829488","663.082299417068"
"220000","2212","2212","2212","281.8926189723583","30.97456348032394","783.1737879513291"
"230000","2313","2313","2313","79.32640717698173","10.775407440801844","157.55775123462496"
"240000","2414","2414","2414","114.961791502712","63.23215001028255","186.95349428657818"
"250000","2515","2515","2515","141.47977984153263","66.07151430977602","190.13511107513676"
"260000","2616","2616","2616","91.62758921979294","44.73905820477067","180.24049527904666"
"270000","2717","2717","2717","71.80133870199319","33.561935292045014","144.2702497435493"
"280000","2818","2818","2818","246.2601505311575","13.979477570759432","707.8636739416598"
"290000","2919","2919","2919","80.97548721518883","54.57323482375374","110.90281791372446"
"300000","3020","3020","3020","64.25135857067548","49.42422702270924","72.89340496796575"
"310000","3121","3121","3121","104.96727891815267","73.53415271306808","125.45134775424393"
"320000","3222","3222","3222","404.4415145561932","44.412128085313064","1054.5060336852098"
"330000","3323","3323","3323","37.09038639545881","9.279589791781305","69.300475011123"
"340000","3424","3424","3424","39.89711364372627","25.949461320212475","47.71711328536935"
"350000","3525","3525","3525","72.01804079262432","40.52342706913379","99.32086236327297"
"360000","3626","3626","3626","77.5220229324487","13.620566202911741","123.71680179650438"
"370000","3727","3727","3727","89.64208793101277","3.751199002447045","230.0310105378961"
"380000","3828","3828","3828","77.26656726977858","16.165633608194597","148.09546018934714"
"390000","3929","3929","3929","17.683775570175875","1.7082937958414706","28.538204139002346"
"400000","4030","4030","4030","52.347385826397705","13.735811085548473","93.87710412678949"
"410000","4131","4131","4131","38.07960171227155","16.830339220222214","80.26891459986957"
"420000","4232","4232","4232","101.50506033400798","58.273849708650204","148.51733639787557"
"430000","4333","4333","4333","69.19500803444681","25.304130451244525","102.73218709356085"
"440000","4434","4434","4434","64.83431496681304","33.30107581921532","112.86018930394637"
"450000","4535","4535","4535","32.6403511627966","18.770904415103512","51.6870725807541"
"460000","4636","4636","4636","15.85668306647508","11.84625547122","18.224103799485572"
"470000","4737","4737","4737","45.13828705689446","19.36284652510714","66.35289319126151"
"480000","4838","4838","4838","37.25455625468495","14.1618269287856","65.88210783066909"
"490000","4939","4939","4939","18.713999155344208","4.691127509302579","26.239789389947017"
"500000","5040","5040","5040","47.09801492015583","14.37547450775124","69.34346979711627"
"510000","5141","5141","5141","31.207145202579067","8.14190942603782","51.483457060681204"
"520000","5242","5242","5242","77.3843072175351","20.350048596307804","156.26181849537892"
"530000","5343","5343","5343","31.47050977876816","17.881750606985523","51.49683694468506"
"540000","5444","5444","5444","28.871561137504955","13.454322607729608","42.71556625710891"
"550000","5545","5545","5545","30.80995121288449","12.812682867608006","55.044996922687616"
"560000","5646","5646","5646","62.490065166930755","4.613690554113774","139.00726431540994"
"570000","5747","5747","5747","122.12354094462334","11.93547873800252","302.95940610816166"
"580000","5848","5848","5848","56.71062486798012","24.62009254912077","115.04798344842763"
"590000","5949","5949","5949","59.432277735164014","21.531746568532146","106.76725008130033"
"600000","6050","6050","6050","62.15092867327883","4.799698787548889","125.90528138069129"
"610000","6151","6151","6151","42.89354972246097","23.21248826742327","76.50080930350255"
"620000","6252","6252","6252","81.19334201880237","7.577196407265524","208.88984763038326"
"630000","6353","6353","6353","277.84069576041196","33.9549091933123","761.3246534465512"
"640000","6454","6454","6454","38.76438159075713","28.13598565766042","46.99383439738453"
"650000","6555","6555","6555","76.37282890307748","2.4345822802126835","213.4744696142596"
"660000","6656","6656","6656","76.30651596502393","32.32848735617082","160.20968043432228"
"670000","6757","6757","6757","40.08827302481054","19.9818184954465","76.20560950715614"
"680000","6858","6858","6858","127.68718459309639","16.269035311689983","320.10704023278873"
"690000","6959","6959","6959","70.75859282475763","7.35922249261568","189.30203171158738"
"700000","7060","7060","7060","37.71427282177209","31.607021394740446","48.68455799515536"
"710000","7161","7161","7161","169.82354321699225","12.942751982985978","348.4642313544046"
"720000","7262","7262","7262","328.29602586257977","10.834609643281595","933.33599468477"
"730000","7363","7363","7363","116.43252387283445","4.923169648447092","292.2954122008587"
"740000","7464","7464","7464","81.6711228440766","19.269880338302844","139.04435955038318"
"750000","7565","7565","7565","18.20563696898714","1.2175374375955483","37.17947104944464"
"760000","7666","7666","7666","104.38857152131025","12.07000651949245","191.4235680893663"
"770000","7767","7767","7767","61.17375999380035","16.41503695430351","84.41067232481133"
"780000","7868","7868","7868","77.56382231506657","20.644774569662413","153.04044518911198"
"790000","7969","7969","7969","83.03622828905252","2.7541044428090165","214.1891996707146"
"800000","8070","8070","8070","114.10149604901078","2.4738445312774773","330.19185918281744"
"810000","8171","8171","8171","70.64478943074708","3.88043279374949","200.257025730097"
"820000","8272","8272","8272","45.70438431200134","11.24049494450344","98.31803111424372"
"830000","8373","8373","8373","25.111528746495438","16.600525737529495","35.72225411033996"
"840000","8474","8474","8474","150.73361098043304","16.256425872231908","226.1454063328877"
"850000","8575","8575","8575","33.44974468205622","5.657752767161466","72.51059181663459"
"860000","8676","8676","8676","53.376364241614304","8.436623300328378","78.02738380246691"
"870000","8777","8777","8777","62.69863534722966","10.526097927415353","133.07574297611995"
"880000","8878","8878","8878","134.40599236456856","5.454393624375327","375.62472671884535"
"890000","8979","8979","8979","59.42550359542907","4.269138798493174","158.82137647871397"
"900000","9080","9080","9080","67.28068825040985","20.343081491058552","157.02404601154313"
"910000","9181","9181","9181","34.83545298927303","4.303722507882825","68.80035281445441"
"920000","9282","9282","9282","53.68403296433431","18.550485016168654","111.96434609968588"
"930000","9383","9383","9383","25.045172373911274","3.2849438976467304","54.23356267407808"
"940000","9484","9484","9484","36.050268260672844","8.19251309188303","52.83029272794001"
"950000","9585","9585","9585","19.718059075990027","9.317356750085734","32.11396682943155"
"960000","9686","9686","9686","14.322836690503777","2.755273688910135","25.737332321062425"
"970000","9787","9787","9787","48.66224551332851","7.783498411447074","129.11572292175563"
"980000","9888","9888","9888","55.194805232809536","43.232165890832185","67.80385693499892"
"990000","9989","9989","9989","28.69016018167831","23.71836690498581","35.64655277701654"
"1000000","10090","10090","10090","66.66744373691702","11.057282276700892","137.26821950625546"
"1010000","10191","10191","10191","41.0294447593485","3.624320549334956","107.40408258488385"
"1020000","10292","10292","10292","23.69254224811685","12.822661345067642","42.45457084430917"
"1030000","10393","10393","10393","37.924981099687685","12.97736317737708","86.85315499306944"
"1040000","10494","10494","10494","38.51731881513087","10.671765981817384","92.07566907768802"
"1050000","10595","10595","10595","27.11784196977966","1.4062650632460076","47.176988960573695"
"1060000","10696","10696","10696","100.8896467477502","9.04495806574669","267.4256367383867"
"1070000","10797","10797","10797","172.94262352799615","14.539379738576834","474.0379777081346"
"1080000","10898","10898","10898","10.405473396482535","2.7926806661960595","14.884330631659587"
"1090000","10999","10999","10999","13.479650497601156","11.44976413754842","15.977373861654035"
"1100000","11100","11100","11100","55.7724160027756","15.453036851253174","99.37519245241798"
"1110000","11201","11201","11201","493.27190498095473","13.998177004365887","1396.3102622237027"
"1120000","11302","11302","11302","50.61285885903025","7.236151727106851","104.89262531683303"
"1130000","11403","11403","11403","5.80085715327333","1.2979703979638901","9.92314135674213"
"1140000","11504","11504","11504","79.62455684659258","13.697440754040171","209.80276199207165"
"1150000","11605","11605","11605","22.685355074527095","1.1543143415134667","48.516080572559844"
"1160000","11706","11706","11706","49.73433919450223","17.79116983271054","97.38438339538091"
"1170000","11807","11807","11807","57.378140637758854","10.62184523382459","124.07435287278436"
"1180000","11908","11908","11908","41.74596062122664","13.377490741369813","90.64208444062425"
"1190000","12009","12009","12009","44.619095500106006","25.488707029619412","77.24544452732209"
"1200000","12110","12110","12110","92.45033983063469","10.739561315180174","137.56759743198674"
"1210000","12211","12211","12211","17.315070504428963","3.4550980286075097","35.93572329691339"
"1220000","12312","12312","12312","16.823632727721137","3.85264456448632","33.589132716285135"
"1230000","12413","12413","12413","21.61556799628897","11.339023508021208","40.530179120851564"
"1240000","12514","12514","12514","11.480801418579055","5.108056810669364","18.64030195522303"
"1250000","12615","12615","12615","37.657358114609046","14.203525432249448","76.94979104397021"
"1260000","12716","12716","12716","41.48445251260326","38.9114770890413","43.76680465900431"
"1270000","12817","12817","12817","42.78028531163213","9.706998839660432","60.58943667933543"
"1280000","12918","12918","12918","16.93835711342463","1.5722629331292004","42.40450466319916"
"1290000","13019","13019","13019","33.77441021416282","5.01522943195544","73.73546417145297"
"1300000","13120","13120","13120","10.009790236717988","2.856393041733607","18.490193879872912"
"1310000","13221","13221","13221","15.483732155357886","5.58216379708369","31.751759712091623"
"1320000","13322","13322","13322","9.633949421604614","3.6402133489034214","20.45266357066271"
"1330000","13423","13423","13423","13.176768959790168","4.469090072342023","29.093544723456194"
"1340000","13524","13524","13524","20.983031186976053","4.345931141985849","51.41009354962668"
"1350000","13625","13625","13625","15.642372211689784","3.321814635320633","37.482404666363394"
"1360000","13726","13726","13726","18.001259652261883","2.4763674874677477","38.32580651055027"
"1370000","13827","13827","13827","14.747170807717723","2.845378080981346","30.295795624143377"
"1380000","13928","13928","13928","8.862809344381846","2.9813698539576214","16.984259874961456"
"1390000","14029","14029","14029","20.857241707822894","2.756961360330124","51.99978846347304"
"1400000","14130","14130","14130","9.529726042230221","1.877058297912967","13.81537463097754"
"1410000","14231","14231","14231","13.222459832426631","4.483426213737449","19.29437333015126"
"1420000","14332","14332","14332","226.65694664867488","3.5579028159643933","666.2794482219415"
"1430000","14433","14433","14433","12.61398214875033","7.220489119563417","16.935660860713963"
"1440000","14534","14534","14534","29.185992196525337","7.1458244733117375","69.43273381468107"
"1450000","14635","14635","14635","12.223068677759377","3.7276936622273307","21.915093146797645"
"1460000","14736","14736","14736","9.765644999317049","1.3045190158735265","22.053795945043067"
"1470000","14837","14837","14837","20.970964402913822","6.4865374168767085","40.22218348674379"
"1480000","14938","14938","14938","22.843129179071152","2.3156860716339893","54.0119735591932"
"1490000","15039","15039","15039","14.444180733293086","4.511626002797451","20.92860058355614"
"1500000","15140","15140","15140","45.06881299115374","4.335967582191676","118.26282062358152"
"1510000","15241","15241","15241","7.866510698150759","1.8868079582757122","14.440047242630062"
"1520000","15342","15342","15342","10.318704267838443","3.9192164294354845","14.427632393364986"
"1530000","15443","15443","15443","7.8439090356207215","3.8937791318976354","12.970415800481996"
"1540000","15544","15544","15544","6.759138276217179","2.6053356189894337","13.6179202762942"
"1550000","15645","15645","15645","9.29647456327873","2.509313781032389","14.281024933943463"
"1560000","15746","15746","15746","5.493844802940077","3.4589802493351467","7.15181432166561"
"1570000","15847","15847","15847","17.402000556565206","4.172663743506106","39.19537322555556"
"1580000","15948","15948","15948","11.096298944149291","2.310635728891109","24.76492193207774"
"1590000","16049","16049","16049","5.952495796812116","2.7726573316535346","8.699169827715883"
"1600000","16150","16150","16150","2.907275918449466","2.430637104592354","3.1910469250962863"
"1610000","16251","16251","16251","7.51348819959762","2.589623787916081","15.947500197755572"
"1620000","16352","16352","16352","35.99774109970503","7.744048805388195","89.36849683173813"
"1630000","16453","16453","16453","24.313219536724763","4.899381443530421","41.85476426492711"
"1640000","16554","16554","16554","12.375996456304366","9.657177077578462","14.8591333082225"
"1650000","16655","16655","16655","7.637540101454726","2.800922550407579","12.072309750627504"
"1660000","16756","16756","16756","58.41396879791157","10.917554650956049","153.11136776249901"
"1670000","16857","16857","16857","50.85263797975127","6.842841116840999","75.65334143215047"
"1680000","16958","16958","16958","31.388103779025034","6.6903821365384175","77.12932736307405"
"1690000","17059","17059","17059","53.510873717415535","9.34067595095238","135.30016402655485"
"1700000","17160","17160","17160","11.773044752841082","9.340767480896913","13.713875292331059"
"1710000","17261","17261","17261","377.1881716858922","6.796113957956438","1115.3935091609037"
"1720000","17362","17362","17362","13.250958484630774","4.268337761015962","24.921087857479094"
"1730000","17463","17463","17463","12.680093971825963","4.5648598422195015","17.602444169075433"
"1740000","17564","17564","17564","9.919930146261576","9.552839440147617","10.373292694831093"
"1750000","17665","17665","17665","8.04078783693087","3.8783857807209","16.121539268390535"
"1760000","17766","17766","17766","9.363133245359036","1.1423640478229564","16.714105768341003"
"1770000","17867","17867","17867","11.853882650467773","4.631871323273062","18.55887334451737"
"1780000","17968","17968","17968","20.618364077013997","8.697891381534303","44.13314344039542"
"1790000","18069","18069","18069","10.686394008944438","2.764342342677586","17.790425186537835"
"1800000","18170","18170","18170","21.985227474982224","5.57180514041899","31.369242934089993"
"1810000","18271","18271","18271","6.769177005815746","2.8210677380156604","14.002971585598894"
"1820000","18372","18372","18372","121.94786416313104","4.471349470531024","356.3571617541951"
"1830000","18473","18473","18473","8.022987918110205","4.555926835563612","14.493536054772163"
"1840000","18574","18574","18574","50.159235428705166","3.791258980349245","136.38864735085733"
"1850000","18675","18675","18675","13.412605640550959","2.338285991596752","34.8619821035495"
"1860000","18776","18776","18776","26.488434135388236","1.471293153936261","72.43315515292146"
"1870000","18877","18877","18877","47.36485264236069","4.377595390000831","128.71108129051242"
"1880000","18978","18978","18978","12.251278055010422","3.0541922852606613","20.075708389754876"
"1890000","19079","19079","19079","215.8100920383504","10.03679308126021","625.497559170138"
"1900000","19180","19180","19180","24.178468151295263","7.135999898537176","50.82331270973267"
"1910000","19281","19281","19281","19.69507999064373","9.800537568958058","36.95923402286439"
"1920000","19382","19382","19382","30.328176082257965","1.598222388229879","82.70070173393945"
"1930000","19483","19483","19483","7.951712666270946","3.595007137775349","13.415956888416003"
"1940000","19584","19584","19584","22.207099065961312","5.677712344103752","49.75350241513721"
"1950000","19685","19685","19685","61.813907024787454","4.694039606465968","174.80904654236159"
"1960000","19786","19786","19786","48.31862740028806","6.726645022963851","130.17947960543876"
"1970000","19887","19887","19887","25.728030332574026","10.249353561142424","49.46650568304507"
"1980000","19988","19988","19988","17.09151385659426","3.0306278260436534","37.3404128756904"
"1990000","20089","20089","20089","53.7147032590924","4.092450819937169","147.88872904784293"
"2000000","20190","20190","20190","17.88508335295157","4.356926998694778","41.34221202714116"
"2010000","20291","20291","20291","32.65495642009568","12.788859802461532","66.55063657227939"
"2020000","20392","20392","20392","24.914469031972953","9.849189787016819","49.4854072360228"
"2030000","20493","20493","20493","67.04061992640511","3.882954720345642","190.24697860621723"
"2040000","20594","20594","20594","4.588843402780639","1.744954498065872","6.691286415628038"
"2050000","20695","20695","20695","13.07215013407783","2.7863575408902608","31.50435924180899"
"2060000","20796","20796","20796","25.300108400031807","5.573073241481552","59.240730933242126"
"2070000","20897","20897","20897","11.63077052538401","10.067041463020283","13.712611632634975"
"2080000","20998","20998","20998","10.254373235458795","1.7515582360206772","23.041438276978106"
"2090000","21099","21099","21099","15.010383481324203","3.8962267496917855","36.36068504331511"
"2100000","21200","21200","21200","2.0324501612153294","0.2946321739163206","3.258919417315971"
"2110000","21301","21301","21301","13.46674344117371","0.8498767545127408","31.502260553390702"
"2120000","21402","21402","21402","17.134592909708005","2.8874295649284782","43.06195898263071"
"2130000","21503","21503","21503","32.42766101555011","4.253799676922208","86.41577932173412"
"2140000","21604","21604","21604","34.847757868691325","0.8059471306228889","98.25579464549654"
"2150000","21705","21705","21705","53.66206449423458","6.821747810187815","140.03686755905383"
"2160000","21806","21806","21806","51.042988879891915","14.598426934179155","121.30685221488"
"2170000","21907","21907","21907","38.91587381220092","5.379512791090234","91.352409419297"
"2180000","22008","22008","22008","23.969558091492058","0.779667368355852","64.58446488036805"
"2190000","22109","22109","22109","23.57913136999788","3.0939291878884925","50.49254366904518"
"2200000","22210","22210","22210","108.41901304225401","11.494665725448804","274.4302118271654"
"2210000","22311","22311","22311","16.55123488394381","0.8409287317777892","46.304872754588786"
"2220000","22412","22412","22412","147.42492269523714","0.90994270571491","412.2688609758875"
"2230000","22513","22513","22513","192.9560931771548","21.17002416191195","517.8392069306393"
"2240000","22614","22614","22614","34.94296395678153","4.892969839556695","68.54011187406077"
"2250000","22715","22715","22715","88.26645986311092","42.08675590931018","146.1964897935177"
"2260000","22816","22816","22816","60.481477615408096","15.584710998710184","91.71667895147422"
"2270000","22917","22917","22917","17.708842972880394","6.043564364280308","24.39900254508928"
"2280000","23018","23018","23018","46.23700236219161","5.951080201358183","113.95650704456644"
"2290000","23119","23119","23119","45.05095409809519","4.481514261157561","97.11545656231533"
"2300000","23220","23220","23220","77.42147733004423","9.430544125361518","194.5367530438168"
"2310000","23321","23321","23321","13.060459361189288","6.802154043822375","20.13860239444338"
"2320000","23422","23422","23422","19.706555871787938","6.384486924196856","36.950067295370495"
"2330000","23523","23523","23523","104.66507259692007","25.145963337758555","260.77781871115354"
"2340000","23624","23624","23624","11.124405546442611","5.6418220052627595","15.980632112251165"
"2350000","23725","23725","23725","105.55027011403564","22.23485768276444","270.6865183043664"
"2360000","23826","23826","23826","72.45135422728866","7.774229547548751","198.68378374203022"
"2370000","23927","23927","23927","38.94290822861824","0.7442655699240331","111.17514483192285"
"2380000","24028","24028","24028","83.44869107869438","7.214339932467745","130.58220899245856"
"2390000","24129","24129","24129","18.152364636292383","4.657767197747009","42.05992325159545"
"2400000","24230","24230","24230","24.61165112189579","2.716848857387933","57.897374274774634"
"2410000","24331","24331","24331","68.86500514098152","1.5921583448135774","199.36538630330404"
"2420000","24432","24432","24432","17.038683323642616","6.009365806376604","25.543129000718547"
"2430000","24533","24533","24533","102.8804039590007","4.999578678797987","224.65345781353267"
"2440000","24634","24634","24634","56.19793689815534","4.680605341397866","143.88260407905582"
"2450000","24735","24735","24735","10.645256351192877","3.0890682337817754","21.67437999124632"
"2460000","24836","24836","24836","256.7971169074834","3.902580300299996","698.3033183126366"
"2470000","24937","24937","24937","29.37660126233159","4.5720081891443565","52.457997030950004"
"2480000","25038","25038","25038","9.718960882909984","5.825257580877891","14.157104476815263"
"2490000","25139","25139","25139","11.772752200152127","5.069519577808279","21.9396472462489"
"2500000","25240","25240","25240","14.074783721456626","2.5203447116482978","35.40364335392359"
"2510000","25341","25341","25341","29.646521366543706","0.7163992419824314","82.19198127505753"
"2520000","25442","25442","25442","316.3453871176856","1.8154938596288706","937.9814241216258"
"2530000","25543","25543","25543","7.8089590183088555","2.945630717255576","11.855691736518672"
"2540000","25644","25644","25644","11.025644363970038","1.4110604680515786","26.395515427758315"
"2550000","25745","25745","25745","10.728552235821512","6.720198688731053","14.467810421070737"
"2560000","25846","25846","25846","26.327309897581404","6.217555533034012","65.14594833298294"
"2570000","25947","25947","25947","15.573561822532715","6.930400486938111","21.998004850890972"
"2580000","26048","26048","26048","13.210409549866016","5.525423733742764","25.68378630677611"
"2590000","26149","26149","26149","17.678883785779355","12.287811580662","25.050386472543522"
"2600000","26250","26250","26250","8.089856561304563","6.0967677251437","9.904556734973863"
"2610000","26351","26351","26351","65.67030977367814","1.2997138683899954","189.87295591422262"
"2620000","26452","26452","26452","41.5107255696243","5.511446607301335","111.5619672330827"
"2630000","26553","26553","26553","14.314351862171705","5.165302734296551","25.117214745526788"
"2640000","26654","26654","26654","34.26415324610354","2.4888004717500105","93.79658724467701"
"2650000","26755","26755","26755","222.87974100012704","3.1503891810580344","654.5549614599032"
"2660000","26856","26856","26856","117.12336027302985","1.3039409982030117","344.32075197755665"
"2670000","26957","26957","26957","27.68457923498843","2.605524029079888","75.55268592780322"
"2680000","27058","27058","27058","324.91873074789186","4.734282779030839","912.4332169640376"
"2690000","27159","27159","27159","76.77695282441236","5.091086210283078","203.31726742656522"
"2700000","27260","27260","27260","64.21352560499244","12.480796744145753","131.59892575761052"
"2710000","27361","27361","27361","32.31989509384624","2.035519652159156","88.6120868561842"
"2720000","27462","27462","27462","5.432495917086629","2.8834786603662765","8.264556409150456"
"2730000","27563","27563","27563","17.63351169006805","1.5560322034992105","46.4594113708216"
"2740000","27664","27664","27664","21.716704059804215","6.448003716274389","51.11639465098114"
"2750000","27765","27765","27765","13.713699617086183","6.353679335499404","22.254512206058795"
"2760000","27866","27866","27866","36.07746285161015","6.289882178258519","86.04242220822863"
"2770000","27967","27967","27967","97.24823334213772","6.863973540412581","249.81722588911254"
"2780000","28068","28068","28068","71.72008260685597","6.106890714843844","165.63546789896685"
"2790000","28169","28169","28169","31.22300478829473","5.735853380835971","65.10087597179269"
"2800000","28270","28270","28270","146.15870400945732","6.996354224304407","372.12221675526564"
"2810000","28371","28371","28371","4.354918258558626","1.5491573402083134","7.376592676171758"
"2820000","28472","28472","28472","16.989933826438484","1.4067110397343348","42.1833028519091"
"2830000","28573","28573","28573","49.70039289506139","4.772459758872372","138.84733408261627"
"2840000","28674","28674","28674","24.585149528878443","4.688446452820368","62.17530612637941"
"2850000","28775","28775","28775","24.10986847714211","1.5905385355249937","62.986283252891674"
"2860000","28876","28876","28876","17.521569154160375","2.816314233788642","41.48709336828101"
"2870000","28977","28977","28977","14.484593879734595","8.2016668806724","27.012781168170577"
"2880000","29078","29078","29078","17.71682868777468","10.584012166045005","21.42011875799628"
"2890000","29179","29179","29179","47.537948182478296","4.717821850587643","96.59799719699522"
"2900000","29280","29280","29280","9.267308814047816","5.1583003734330255","11.554732751910926"
"2910000","29381","29381","29381","30.547529258007316","5.852168550126408","78.9582851659268"
"2920000","29482","29482","29482","48.064332866747776","8.17268769781129","127.32321592256537"
"2930000","29583","29583","29583","54.97605841446213","18.166686530012385","112.4689660700361"
"2940000","29684","29684","29684","15.57753876885743","6.625325004890311","32.59820408920509"
"2950000","29785","29785","29785","9.973546377970376","4.169711721340911","16.31288385610969"
"2960000","29886","29886","29886","9.75856666494512","5.415750016311279","16.25517114339425"
"2970000","29987","29987","29987","22.90849603996928","7.976894165586522","44.988289649442315"
"2980000","30088","30088","30088","376.7468661466303","6.409364217493376","1086.1235299723846"
"2990000","30189","30189","30189","217.11501267566985","5.230287217761709","637.435194265606"
"3000000","30290","30290","30290","23.547698844671185","8.213144917475615","38.07629329554162"
"3010000","30391","30391","30391","127.84429560966869","15.200190314248623","297.7341255297642"
"3020000","30492","30492","30492","111.90802244083723","5.011545956601664","283.49643374909033"
"3030000","30593","30593","30593","151.7931142996167","12.719408524255604","398.2888023260083"
"3040000","30694","30694","30694","97.49932734135898","4.910385819258034","244.89728200533818"
"3050000","30795","30795","30795","6.2046341729909065","0.5252872460008599","10.92493422041706"
"3060000","30896","30896","30896","74.04024490822867","2.3855422873292715","202.53311127551257"
"3070000","30997","30997","30997","276.95649817045745","6.3826736541171964","775.9450551348981"
"3080000","31098","31098","31098","139.002604930313","8.993709947168101","397.78619805802157"
"3090000","31199","31199","31199","19.543014615445774","6.656130387262492","44.29061015109996"
"3100000","31300","31300","31300","92.45634452554089","5.836295797586796","254.27388749322057"
"3110000","31401","31401","31401","65.81846600023131","4.453992646484642","177.94349776871118"
"3120000","31502","31502","31502","45.81899777021505","2.4624871112390165","127.80270058955867"
"3130000","31603","31603","31603","7.339238850229431","4.917408074031581","10.976536089435195"
"3140000","31704","31704","31704","64.66432752209518","2.1159494636197054","183.07133755982133"
"3150000","31805","31805","31805","62.95329642335418","6.88608686934721","168.38514120847103"
"3160000","31906","31906","31906","49.43268063829094","4.281029863661661","139.0414683913235"
"3170000","32007","32007","32007","49.56807662206964","12.936341058993602","119.07046850462395"
"3180000","32108","32108","32108","41.572199181346356","5.263020248325982","110.3134866417589"
"3190000","32209","32209","32209","197.86108697810593","5.206119900311179","581.2005130749418"
"3200000","32310","32310","32310","155.21199020317565","10.356342724652585","425.2267660792501"
"3210000","32411","32411","32411","140.56400839062454","2.2341116323726564","402.1300274145184"
"3220000","32512","32512","32512","89.40399377050483","1.5614644487299687","259.7203271921804"
"3230000","32613","32613","32613","488.82375793810434","8.212882248955493","1363.2880182108302"
"3240000","32714","32714","32714","415.8079082715297","16.525598171712833","1207.1199159197474"
"3250000","32815","32815","32815","25.252258593614357","3.430653872697957","60.382686104268956"
"3260000","32916","32916","32916","96.2581648632205","0.9176794463728696","263.5965295129474"
"3270000","33017","33017","33017","58.173801910204894","4.7162482161748045","112.85160422660685"
"3280000","33118","33118","33118","263.8397741989095","116.56635959711944","523.0680773784211"
"3290000","33219","33219","33219","77.56547472989378","15.270458904430692","162.82335715195785"
"3300000","33320","33320","33320","26.867791673516393","6.147289295960279","58.10734313074201"
"3310000","33421","33421","33421","35.775956824652646","6.602749342710884","62.987617380517946"
"3320000","33522","33522","33522","19.77700236427445","9.522272549813282","26.616870430031593"
"3330000","33623","33623","33623","9.12781666182975","1.3272450507304552","23.800291560763768"
"3340000","33724","33724","33724","174.61594038429277","1.4430631651072239","505.77763396855704"
"3350000","33825","33825","33825","80.9907560853378","1.6418395175390672","206.442751982558"
"3360000","33926","33926","33926","170.12872172893168","1.3540836290104068","426.66000201699325"
"3370000","34027","34027","34027","5.660388803474647","2.216486065924755","12.271802203280815"
"3380000","34128","34128","34128","140.86216759538473","3.810283301249104","406.75956899162634"
"3390000","34229","34229","34229","122.16335313976201","2.5388079224940565","355.9994784392567"
"3400000","34330","34330","34330","160.6871694597253","19.548030559117503","429.6555268808842"
"3410000","34431","34431","34431","181.28122936174432","12.296654427932367","517.9122632286477"
"3420000","34532","34532","34532","251.72100727323445","7.706773492275918","734.0088512363424"
"3430000","34633","34633","34633","255.99554109154323","3.8558196860644824","748.1012576879657"
"3440000","34734","34734","34734","83.08774375098416","8.871801823027843","165.58361475241503"
"3450000","34835","34835","34835","66.48554483859738","5.899502248294422","159.4200635820715"
"3460000","34936","34936","34936","118.01186065770862","0","349.0928591357218"
"3470000","35037","35037","35037","123.70640394879973","2.1259874622405923","357.55475524456546"
"3480000","35138","35138","35138","206.55684898928817","8.930348936176483","581.1903043592127"
"3490000","35239","35239","35239","30.951169345393165","3.18405561080735","50.117102792273826"
"3500000","35340","35340","35340","35.99398594056246","3.6960449080625355","89.89227124770117"
"3510000","35441","35441","35441","48.50366874453985","1.912575863675515","112.38369061325427"
"3520000","35542","35542","35542","99.23157807874775","1.7409378340435813","212.11466394640348"
"3530000","35643","35643","35643","47.692064859743915","1.3752430187204576","74.33992936951596"
"3540000","35744","35744","35744","85.98795853968163","2.0103229686375537","237.66078700914494"
"3550000","35845","35845","35845","45.02491573529824","1.564230593035778","121.39991657710486"
"3560000","35946","35946","35946","15.979724728647737","2.597493636133622","37.111365925623765"
"3570000","36047","36047","36047","26.87640016687085","0.3480929781757666","74.79614548499272"
"3580000","36148","36148","36148","93.30487077651013","2.5927903037454403","239.4771402528552"
"3590000","36249","36249","36249","19.951457747435693","1.9596689477673055","49.51233768047831"
"3600000","36350","36350","36350","76.97275556957837","1.3438961782145966","219.94613190332782"
"3610000","36451","36451","36451","66.58097725561966","2.8106383557797154","159.81131567968256"
"3620000","36552","36552","36552","71.51931829433116","3.638364906706078","193.5797823955658"
"3630000","36653","36653","36653","200.840617372697","1.331172561387624","592.4947566997225"
"3640000","36754","36754","36754","150.2393703875898","24.509904890136607","393.41304222023257"
"3650000","36855","36855","36855","56.51611307552423","8.185047809932142","117.06266483274618"
"3660000","36956","36956","36956","47.946753000463985","1.4509538977819239","134.34902190001984"
"3670000","37057","37057","37057","288.636718465282","4.1093021770848965","820.0418563959124"
"3680000","37158","37158","37158","42.303531487886154","26.53566377084685","59.6907623646271"
"3690000","37259","37259","37259","34.838507663635305","22.015438268907456","41.41530068707013"
"3700000","37360","37360","37360","17.794609034815224","10.908274424005638","29.934438210452754"
"3710000","37461","37461","37461","27.89862100345815","3.099190951927646","57.691695533406275"
"3720000","37562","37562","37562","21.25854816901572","17.211298282449782","23.60013124650214"
"3730000","37663","37663","37663","35.84118172661667","24.347418956354886","44.47773405666935"
"3740000","37764","37764","37764","82.03193503334865","24.86003481336162","181.06960848166202"
"3750000","37865","37865","37865","56.26304898298662","28.563011161670932","84.25008274270913"
"3760000","37966","37966","37966","61.1604210421411","14.653245598078913","103.03354017088617"
"3770000","38067","38067","38067","49.71587256491794","38.144558420143326","60.95260870324881"
"3780000","38168","38168","38168","29.76391071601272","2.6501866512300865","60.31893621481064"
"3790000","38269","38269","38269","20.10905649781711","0.5157064139633385","35.39812602251165"
"3800000","38370","38370","38370","5.724814057549955","1.6212511717987088","12.59627132720288"
"3810000","38471","38471","38471","15.402201032504733","2.6740042768480845","22.663011120487617"
"3820000","38572","38572","38572","55.06219245477477","9.841787699136525","120.64770722106647"
"3830000","38673","38673","38673","59.876478951878255","7.331294534090485","127.03936917118136"
"3840000","38774","38774","38774","27.618789202351568","1.9245761218622068","69.04870998520357"
"3850000","38875","38875","38875","15.755708290289704","2.6854684256939083","37.24995287217678"
"3860000","38976","38976","38976","4.630523915629077","1.476294758262974","8.691932830812176"
"3870000","39077","39077","39077","43.11405345410333","2.8721684381872468","118.90517828795676"
"3880000","39178","39178","39178","21.13020551448709","0","58.524503068162254"
"3890000","39279","39279","39279","21.11319444089591","0","55.3846646491334"
"3900000","39380","39380","39380","8.073494621211255","2.7064158501095115","14.013922651726089"
"3910000","39481","39481","39481","12.303523033551853","4.408601710308886","22.01504534409079"
"3920000","39582","39582","39582","60.75740194223491","4.6223744643033156","162.50286794036262"
"3930000","39683","39683","39683","18.022277901358752","3.4330684047271847","37.239737786012945"
"3940000","39784","39784","39784","58.34557643093765","2.740529070041628","139.25640025885065"
"3950000","39885","39885","39885","29.161250251468587","7.234876785083437","68.19000112764503"
"3960000","39986","39986","39986","7.219959989080633","0.886355264137999","12.848065296151246"
"3970000","40087","40087","40087","31.65843493268835","8.118216279932536","52.06977098350115"
"3980000","40188","40188","40188","12.61098992898413","5.1466764959360125","22.23354786079173"
"3990000","40289","40289","40289","54.28336440432179","6.406298204507588","122.94766397146896"
"4000000","40390","40390","40390","55.15327859481486","18.7172734483422","126.60436970895"
"4010000","40491","40491","40491","4.796386230920874","0","9.702021669606578"
"4020000","40592","40592","40592","68.63401199846437","13.529478900593393","100.12587598830436"
"4030000","40693","40693","40693","51.163101254545325","7.373958963889618","134.7214437245448"
"4040000","40794","40794","40794","8.196401653667586","0.5120652087516768","21.675850486158396"
"4050000","40895","40895","40895","37.55227152187981","7.167918546477363","73.22815666592751"
"4060000","40996","40996","40996","24.89676447127844","4.782904557072788","62.060133075116234"
"4070000","41097","41097","41097","26.64420942307868","2.016160453816729","70.8067949601937"
"4080000","41198","41198","41198","7.845602070338358","1.7392571678297002","15.011885283798902"
"4090000","41299","41299","41299","13.147717111956652","12.461629106123494","13.60336843627179"
"4100000","41400","41400","41400","17.35741786208101","5.667923158005693","28.654806342934467"
"4110000","41501","41501","41501","17.72737354923578","5.8955238852269565","25.71791273447289"
"4120000","41602","41602","41602","40.69323784604902","7.075089058179867","99.44777171868132"
"4130000","41703","41703","41703","85.89209056572513","4.965402758568679","243.97786909861225"
"4140000","41804","41804","41804","28.685212499166806","5.12545829625411","52.42552200185496"
"4150000","41905","41905","41905","11.663050148766905","9.320656547386516","16.031565169606147"
"4160000","42006","42006","42006","22.816633131621046","2.4074489447464873","51.70289470538912"
"4170000","42107","42107","42107","64.1641904455567","19.074314274249737","106.0569894675139"
"4180000","42208","42208","42208","26.174243275997423","9.932268377723789","45.994306981525156"
"4190000","42309","42309","42309","33.74034753726429","5.792744197688448","76.45240129147645"
"4200000","42410","42410","42410","44.717180860919164","10.594251888296805","108.0352453968608"
"4210000","42511","42511","42511","28.82551078256751","13.023659600323398","49.19174821308524"
"4220000","42612","42612","42612","32.23753479302102","6.616030877034653","79.9301790057914"
"4230000","42713","42713","42713","13.288579521775551","4.4654447208491455","23.775160108238765"
"4240000","42814","42814","42814","25.120611789585798","4.515286191109051","66.07616495970854"
"4250000","42915","42915","42915","22.38601622891552","13.58782904096507","38.72085844402989"
"4260000","43016","43016","43016","7.422260471182919","3.3954881930195864","10.276151285356638"
"4270000","43117","43117","43117","10.755235334078725","3.427864239146383","16.93641500994649"
"4280000","43218","43218","43218","11.822387259084508","3.7181157526909","18.822018050152252"
"4290000","43319","43319","43319","10.680261466179864","5.093774684168991","15.660325340016561"
"4300000","43420","43420","43420","9.644654672569134","8.784410636342942","11.29846030932461"
"4310000","43521","43521","43521","3.630333867809225","1.6334874440268945","7.176031059963141"
"4320000","43622","43622","43622","6.080594577297103","3.6059619099830917","8.941470751129522"
"4330000","43723","43723","43723","134.91914965019768","6.9674151342686335","388.4330252402547"
"4340000","43824","43824","43824","12.896346603443078","0","28.03820902251805"
"4350000","43925","43925","43925","70.28016113036975","13.463337156114584","163.6708579200356"
"4360000","44026","44026","44026","25.64687985993332","3.7423481699116237","66.94863869119321"
"4370000","44127","44127","44127","15.377204220830832","7.793303658054987","27.328070357735"
"4380000","44228","44228","44228","5.856642166226258","0","9.335837166261696"
"4390000","44329","44329","44329","4.766729301989174","0","7.532602032927779"
"4400000","44430","44430","44430","26.76177757533716","0","74.35255634640569"
"4410000","44531","44531","44531","147.95002826619574","23.505796670053783","378.75876253552883"
"4420000","44632","44632","44632","205.62603707971252","0.955975780207789","608.696520203827"
"4430000","44733","44733","44733","11.843953332245208","0","23.687906664490416"
"4440000","44834","44834","44834","107.84816015480867","26.212446822287088","189.48387348733024"
"4450000","44935","44935","44935","230.76927342804808","23.071648936430005","438.46689791966617"
"4460000","45036","45036","45036","259.6134734603916","44.64746436557564","474.57948255520756"
"4470000","45137","45137","45137","360.50537680995683","8.28905426389733","712.7216993560163"
"4480000","45238","45238","45238","94.71465096709875","45.3774152773516","144.05188665684588"
"4490000","45339","45339","45339","3.084460314108963","0","6.168920628217926"
"4500000","45440","45440","45440","5.101652596443004","0","10.203305192886008"
"4510000","45541","45541","45541","71.10423017830367","8.107836105996348","134.100624250611"
"4520000","45642","45642","45642","252.68119934605","11.954493981347243","493.40790471075275"
"4530000","45743","45743","45743","7.153891239698843","3.401326380952097","10.906456098445588"
"4540000","45844","45844","45844","89.61001707790793","8.932977593982814","170.28705656183303"
"4550000","45945","45945","45945","112.19742441516377","10.538562169847365","213.85628666048018"
"4560000","46046","46046","46046","460.3019301150149","8.14427295811975","912.4595872719101"
"4570000","46147","46147","46147","92.62852876000491","8.982006436100242","176.27505108390957"
"4580000","46248","46248","46248","8.48577008956815","0","16.9715401791363"
"4590000","46349","46349","46349","77.47745000887284","22.548186712711082","132.4067133050346"
"4600000","46450","46450","46450","14.78819547772126","8.517483153205031","21.05890780223749"
"4610000","46551","46551","46551","26.814739245207996","3.315826967604514","50.313651522811476"
"4620000","46652","46652","46652","66.79350312847217","31.2446607100486","102.34234554689574"
"4630000","46753","46753","46753","51.700467319303065","46.64536918033835","56.75556545826778"
"4640000","46854","46854","46854","97.60169913474398","8.241714304482121","186.96168396500585"
"4650000","46955","46955","46955","37.39536659684876","14.955907400164522","59.83482579353299"
"4660000","47056","47056","47056","3.6803287775458426","0","7.360657555091685"
"4670000","47157","47157","47157","24.968596245023953","20.260250629514616","29.676941860533287"
"4680000","47258","47258","47258","11.453414667292572","0.26378974286068174","22.643039591724463"
"4690000","47359","47359","47359","7.043509946352985","0.6624227787806674","13.424597113925302"
"4700000","47460","47460","47460","6.795731992763567","0.06110256294281484","13.53036142258432"
"4710000","47561","47561","47561","11.31300403621601","0","22.62600807243202"
"4720000","47662","47662","47662","52.51056096349887","7.41488471243496","97.60623721456278"
"4730000","47763","47763","47763","175.55385932155457","14.832713376316155","336.27500526679296"
"4740000","47864","47864","47864","43.19591986535969","10.33249448193404","76.05934524878535"
"4750000","47965","47965","47965","392.77255884387426","11.3053412541528","774.2397764335957"
"4760000","48066","48066","48066","115.4000166852752","7.492278279993821","223.30775509055658"
"4770000","48167","48167","48167","43.901358855006904","8.819317363446132","78.98340034656768"
"4780000","48268","48268","48268","18.062733364594447","6.585735542192144","29.539731186996747"
"4790000","48369","48369","48369","16.30934947742787","8.007257714176381","24.611441240679355"
"4800000","48470","48470","48470","42.91671674404394","7.948588799908457","77.88484468817941"
"4810000","48571","48571","48571","27.451582654371915","6.839796756269371","48.06336855247446"
"4820000","48672","48672","48672","29.17877519536717","7.8861653411933235","50.47138504954101"
"4830000","48773","48773","48773","116.63846498896346","9.59647819119773","223.6804517867292"
"4840000","48874","48874","48874","139.12797061068747","66.68020384448822","211.5757373768867"
"4850000","48975","48975","48975","43.15223122603901","34.674996088670994","51.629466363407026"
"4860000","49076","49076","49076","102.57740969762978","19.4918336166652","185.66298577859436"
"4870000","49177","49177","49177","45.606111715642115","18.382509523519985","72.82971390776424"
"4880000","49278","49278","49278","238.5480639658975","12.168140432213844","464.9279874995812"
"4890000","49379","49379","49379","80.69523300118146","44.09072639132363","117.29973961103931"
"4900000","49480","49480","49480","16.045936430706714","11.121963416096502","20.969909445316926"
"4910000","49581","49581","49581","24.16935912616829","20.518950588843335","27.819767663493238"
"4920000","49682","49682","49682","82.18593808345702","6.95762419664826","157.41425197026578"
"4930000","49783","49783","49783","23.812399935753636","11.613789453937558","36.011010417569715"
"4940000","49884","49884","49884","47.55271261853626","36.21025684096846","58.89516839610406"
"4950000","49985","49985","49985","55.17245633618748","9.705800411975346","100.63911226039961"
"4960000","50086","50086","50086","203.89821236138778","43.82499205108024","363.9714326716953"
"4970000","50187","50187","50187","9.568903622931211","6.638580006965975","12.499227238896449"
"4980000","50288","50288","50288","30.42571578963576","12.260736316262168","48.59069526300935"
"4990000","50389","50389","50389","32.07145379792176","11.15112350712894","52.99178408871458"
"5000000","50490","50490","50490","10.847567306408797","5.531095742818082","16.164038869999512"