"Step","algo: CAPQL - eval/hypervolume","algo: CAPQL - eval/hypervolume__MIN","algo: CAPQL - eval/hypervolume__MAX","algo: PGMORL - eval/hypervolume","algo: PGMORL - eval/hypervolume__MIN","algo: PGMORL - eval/hypervolume__MAX"
"18","","","","4257.530577331204","4175.481764900459","4361.1242723330215"
"491","21220.5601682526","11629.515651074627","27284.437102545744","","",""
"992","27178.848844511795","12450.749227893662","37954.71263072218","","",""
"1493","32528.29698841659","12638.514395542266","45393.25361269638","","",""
"1994","35772.6778582699","12717.23845327374","50397.99599889512","","",""
"2495","37447.23387060532","12920.260633474978","53149.82531285751","","",""
"2996","38187.35356531479","13051.343004011007","55006.014741117906","","",""
"3497","40090.115637837116","12929.827615933646","57743.71392304643","","",""
"3998","41129.97621823208","13028.167153761948","58284.02896865846","","",""
"4499","42486.79883226517","13059.603868986107","61080.71940010377","","",""
"5000","43196.702841865146","13002.62860046776","60707.60562725007","","",""
"5501","43122.948488576316","13151.496280026338","61080.00459873106","","",""
"6002","42303.23914876981","13044.070499724025","62157.95111855458","","",""
"6503","44081.7517228598","13092.995840801012","63164.54680570835","","",""
"7004","44648.57141357536","13489.833807611765","64063.47815722801","","",""
"7505","44148.9055666929","13150.347195596722","62981.77905527331","","",""
"8006","45561.20504696528","13383.756585685194","64720.71036281336","","",""
"8507","44636.30472024672","13420.772069070712","63760.51646837847","","",""
"8757","","","","14181.19751566591","13279.796654000198","15161.030670692322"
"9008","44898.764411275035","13423.234086574163","64359.94050048036","","",""
"9509","45255.56040870387","13084.841533473551","64831.87245933793","","",""
"10010","45564.55676624283","13325.881768154342","65337.851001761504","","",""
"10511","45614.33753452572","13437.577519815517","65264.477532762474","","",""
"10957","","","","15309.604292164222","13535.048167399385","17058.246149789575"
"11012","44878.33537621328","13967.724947229905","63927.68879042703","","",""
"11513","46067.33098947936","13694.638170902392","66728.03625360735","","",""
"12014","46841.08987799963","14198.22821820466","66609.06451233754","","",""
"12515","34205.23063603171","16701.29574891508","66132.49610338932","","",""
"13016","33753.09759053215","16587.11859155402","66549.96749445473","","",""
"13157","","","","15919.083543636245","14042.861815923427","18303.747170250106"
"13517","31590.971210087384","11906.113165247969","66490.1022032857","","",""
"14018","35802.861289951376","17307.45061641749","67084.66870055515","","",""
"14519","37443.35709957338","17071.399306182622","68132.19788671633","","",""
"15020","38307.51660668371","16152.524657635362","67102.43385521721","","",""
"15357","","","","16414.689599705835","14042.861815923427","19694.95783120968"
"15521","39338.81054953739","16409.18953224903","68335.89803370822","","",""
"16022","40411.59423793095","17404.02195142805","67783.07724807106","","",""
"16523","41624.11589039669","17196.528659686","67505.85585179321","","",""
"17024","43495.17406789763","17622.779460009388","68714.43262017325","","",""
"17525","43409.75371407279","18137.015523239577","67213.7899855449","","",""
"17557","","","","16870.857090297246","14433.760162394365","19734.265138663766"
"18026","44386.37251723689","18849.817814582817","67558.0619427791","","",""
"18527","45053.09240520376","21376.730935500073","66956.54561956128","","",""
"19028","46649.60906454686","22125.142417952746","67846.11014332152","","",""
"19529","47603.831427072415","23065.905807657222","67081.36821254728","","",""
"19757","","","","17131.40652139579","14456.445862809698","19787.368463915012"
"20030","48196.18522744687","23065.295944287594","68522.56426394166","","",""
"20531","49601.00302107994","23964.63823461171","68668.98907070108","","",""
"21032","49280.392252033496","24309.00955856825","68239.05928876168","","",""
"21533","49126.91268699669","24656.570751138588","69611.99488182846","","",""
"21957","","","","17548.448805377877","14462.238547542584","21024.73987769035"
"22034","49596.90143545184","24693.008388435977","70920.50086742072","","",""
"22535","48691.52434391607","24676.035822859583","68141.70892879357","","",""
"23036","48656.31444788107","24811.29840830501","69621.53864647505","","",""
"23537","48943.60433851631","25437.499869197465","69436.24755914221","","",""
"24038","48857.98428179105","25245.349032888324","68823.94710724075","","",""
"24157","","","","18155.945514462415","15212.52674516441","21036.121871145664"
"24539","50337.94171777586","25773.729468797526","70785.9383735936","","",""
"25040","50855.14754640131","26070.200337194172","69999.45563255147","","",""
"25541","51025.49526116755","26383.72867453159","71146.81105609192","","",""
"26042","51706.24987399208","26180.670947877","72068.50963527292","","",""
"26357","","","","18960.14468675229","15735.46384494533","21036.314217188126"
"26543","51225.37141101805","26705.364534344008","70186.94629988282","","",""
"27044","51855.32117643987","26647.75132095544","71223.577866056","","",""
"27545","50937.806911843414","26636.739555742097","69334.93430223268","","",""
"28046","51749.20776932559","26708.83666211061","70454.82059712287","","",""
"28547","52152.7832086971","26676.708582003615","71918.53814339654","","",""
"28557","","","","21336.998890669784","20213.74147540575","21934.346022868922"
"29048","52177.166150324374","27051.09991414053","71650.76574063498","","",""
"29549","52549.28969434957","27228.49722889265","71370.66789987395","","",""
"30050","52402.52862854786","27262.852520510227","70053.67335487876","","",""
"30551","52634.539046893326","27391.52194861052","70878.71209198063","","",""
"30757","","","","21689.13925889928","20216.46807456404","22909.048662538564"
"31052","53120.10607640842","27409.278775603943","71335.91163241456","","",""
"31553","52855.81575053292","27546.050358623965","70645.48297323867","","",""
"32054","52703.74131488881","27607.510013964806","70708.12260394752","","",""
"32555","52889.217332443026","27954.949774130713","71484.1544972373","","",""
"32957","","","","21805.181316265367","20544.160173713164","22926.94619678295"
"33056","51973.57489157994","27567.673074440412","68829.31258166043","","",""
"33557","52873.32506674086","27287.29679695227","71298.13293161416","","",""
"34058","52991.41506811799","27537.760284726042","71674.19664156168","","",""
"34559","53035.259525894064","27653.54393292763","71205.59519096768","","",""
"35060","52897.75729074472","28247.803581468437","69676.47118082712","","",""
"35157","","","","21817.175432599604","20556.557493668603","22932.86748037261"
"35561","53787.125298566214","28086.39059010207","70316.75098675888","","",""
"36062","53417.931055219815","27757.909412183526","71297.12330270543","","",""
"36563","53194.16278478737","27953.64177543341","71418.0552958293","","",""
"37064","52321.95306520671","27923.155298904734","70163.45582038352","","",""
"37357","","","","21985.008286844895","20573.839363061605","22933.873849742875"
"37565","52868.29320146999","27909.21170588565","71185.24471153646","","",""
"38066","52611.8778934107","28297.50477654447","68933.4329228769","","",""
"38567","52449.18730900547","28117.524242060626","70532.35433305308","","",""
"39068","51195.71038855038","28016.898215646142","69253.36895634806","","",""
"39557","","","","21989.0294040945","20579.006159858134","22935.467555580344"
"39569","51295.968122819504","27899.055822374823","69658.68999765767","","",""
"40070","51118.234027400205","27861.953001653386","68931.77534322997","","",""
"40571","51036.22221376912","27821.38932573362","68762.21206174513","","",""
"41072","51535.09857874596","27913.52504665183","66756.7318283055","","",""
"41573","51310.68716725748","28051.039589381293","66278.67127989096","","",""
"41757","","","","21997.478302940264","20587.484982632002","22937.447752701853"
"42074","52086.93169371603","27953.003816481316","69637.70596805905","","",""
"42575","52574.310453535116","28223.324294728314","69417.39335975538","","",""
"43076","52673.76559901548","28242.7847413863","68439.64524137901","","",""
"43577","52866.81573055274","28287.6510636757","69925.5573142269","","",""
"43957","","","","22002.177231788122","20587.65071974624","22941.97911900642"
"44078","53080.078156817646","28165.476632471087","69253.5116916966","","",""
"44579","53260.28916809027","28394.822458351824","69668.16720647537","","",""
"45080","53293.56870057914","28596.915313783156","69350.28697198853","","",""
"45581","53301.750142961566","28504.76131807192","67892.64772974097","","",""
"46082","53269.1295187308","28278.83749075938","69276.3693457158","","",""
"46157","","","","22004.371683222038","20589.32418212384","22943.405325256965"
"46583","53087.27621831875","28263.748306199315","67978.22005119138","","",""
"47084","53654.58209792327","28478.753526431035","68169.40279712163","","",""
"47585","53123.49987498589","28871.08779305803","67444.63083146757","","",""
"48086","52694.16862792317","28412.217134540533","66290.72992095839","","",""
"48357","","","","22008.513176196528","20589.648676327022","22950.991585651875"
"48587","52665.65421262495","28373.665028665608","67564.79708436361","","",""
"49088","53095.00642764039","27990.75964782797","66837.84837549648","","",""
"49589","52816.31594473508","28361.206070119264","68194.91740802543","","",""
"50090","53088.00675957351","28395.072180921194","67720.7190372083","","",""
"50557","","","","22012.31277827804","20590.018313653887","22951.256440075475"
"52757","","","","22395.336085982915","20740.272616089544","23493.281001088308"
"54957","","","","22397.077202121498","20740.272616089544","23493.281001088308"
"57157","","","","22606.920496422277","20742.22153304023","23585.09996561955"
"59357","","","","22608.050389323205","20745.41094019133","23585.300237171217"
"61557","","","","22609.027281739563","20746.313023930994","23587.32883068063"
"63757","","","","22610.210963502173","20747.412548310254","23587.789839600977"
"65957","","","","22611.479533476948","20747.412548310254","23588.129207401893"
"68157","","","","22612.231827784915","20747.420732574315","23588.395622768494"