"global_step","mo-hopper-2d-v4__EMOS__2__1738007415 - _step","mo-hopper-2d-v4__EMOS__2__1738007415 - _step__MIN","mo-hopper-2d-v4__EMOS__2__1738007415 - _step__MAX","mo-hopper-2d-v4__EMOS__2__1738007415 - eval/hypervolume","mo-hopper-2d-v4__EMOS__2__1738007415 - eval/hypervolume__MIN","mo-hopper-2d-v4__EMOS__2__1738007415 - eval/hypervolume__MAX","mo-hopper-2d-v4__EMOS__6__1737970516 - _step","mo-hopper-2d-v4__EMOS__6__1737970516 - _step__MIN","mo-hopper-2d-v4__EMOS__6__1737970516 - _step__MAX","mo-hopper-2d-v4__EMOS__6__1737970516 - eval/hypervolume","mo-hopper-2d-v4__EMOS__6__1737970516 - eval/hypervolume__MIN","mo-hopper-2d-v4__EMOS__6__1737970516 - eval/hypervolume__MAX"
"0","12","12","12","13113.343392981424","13113.343392981424","13113.343392981424","12","12","12","13355.017182055879","13355.017182055879","13355.017182055879"
"2621440","24889","24889","24889","48346.108580006054","48346.108580006054","48346.108580006054","23585","23585","23585","27135.753957477034","27135.753957477034","27135.753957477034"
"3276800","28494","28494","28494","48346.108580006054","48346.108580006054","48346.108580006054","26244","26244","26244","27333.54679078069","27333.54679078069","27333.54679078069"
"3932160","34703","34703","34703","48346.108580006054","48346.108580006054","48346.108580006054","29783","29783","29783","28105.726612117156","28105.726612117156","28105.726612117156"
"4587520","42103","42103","42103","48346.108580006054","48346.108580006054","48346.108580006054","34143","34143","34143","28105.735603749534","28105.735603749534","28105.735603749534"
"5242880","50787","50787","50787","48346.108580006054","48346.108580006054","48346.108580006054","39070","39070","39070","28444.772221809384","28444.772221809384","28444.772221809384"
"5898240","60995","60995","60995","48346.108580006054","48346.108580006054","48346.108580006054","44143","44143","44143","28477.44351684318","28477.44351684318","28477.44351684318"
"6553600","72651","72651","72651","48346.108580006054","48346.108580006054","48346.108580006054","49878","49878","49878","28916.618982735643","28916.618982735643","28916.618982735643"
"7208960","85321","85321","85321","49476.31395453676","49476.31395453676","49476.31395453676","56329","56329","56329","29565.519225729353","29565.519225729353","29565.519225729353"
"7864320","98781","98781","98781","49718.70426986796","49718.70426986796","49718.70426986796","63380","63380","63380","29570.776489142052","29570.776489142052","29570.776489142052"
"8519680","112950","112950","112950","49731.486954962966","49731.486954962966","49731.486954962966","70938","70938","70938","29573.624253529648","29573.624253529648","29573.624253529648"
"9175040","127632","127632","127632","49733.6581974648","49733.6581974648","49733.6581974648","78786","78786","78786","29573.788219907292","29573.788219907292","29573.788219907292"
"9830400","142700","142700","142700","49734.57978278534","49734.57978278534","49734.57978278534","86956","86956","86956","29573.788219907292","29573.788219907292","29573.788219907292"
"10485760","157822","157822","157822","49788.47758998486","49788.47758998486","49788.47758998486","95344","95344","95344","30221.100786802184","30221.100786802184","30221.100786802184"
"11141120","172900","172900","172900","49788.47758998486","49788.47758998486","49788.47758998486","103919","103919","103919","30521.38783395564","30521.38783395564","30521.38783395564"
"11796480","187956","187956","187956","49788.81155661798","49788.81155661798","49788.81155661798","112764","112764","112764","30773.05913564685","30773.05913564685","30773.05913564685"
"12451840","202976","202976","202976","49788.81155661798","49788.81155661798","49788.81155661798","121880","121880","121880","31185.08216680764","31185.08216680764","31185.08216680764"
"13107200","218118","218118","218118","49788.82655080114","49788.82655080114","49788.82655080114","131399","131399","131399","31798.154443933832","31798.154443933832","31798.154443933832"
"13762560","233281","233281","233281","49788.82655080114","49788.82655080114","49788.82655080114","141224","141224","141224","31816.40961245603","31816.40961245603","31816.40961245603"
"14417920","248610","248610","248610","49788.82655080114","49788.82655080114","49788.82655080114","151524","151524","151524","31903.96886262583","31903.96886262583","31903.96886262583"
"15073280","263924","263924","263924","49805.071927280485","49805.071927280485","49805.071927280485","162254","162254","162254","31903.96886262583","31903.96886262583","31903.96886262583"
"15728640","279237","279237","279237","49805.071927280485","49805.071927280485","49805.071927280485","173160","173160","173160","31904.900417445482","31904.900417445482","31904.900417445482"
"16384000","294546","294546","294546","49805.071927280485","49805.071927280485","49805.071927280485","184216","184216","184216","31904.900417445482","31904.900417445482","31904.900417445482"
"17039360","309855","309855","309855","49805.071927280485","49805.071927280485","49805.071927280485","195480","195480","195480","31907.40417461053","31907.40417461053","31907.40417461053"
"17694720","325168","325168","325168","49805.071927280485","49805.071927280485","49805.071927280485","207019","207019","207019","31907.737056062288","31907.737056062288","31907.737056062288"
"18350080","340494","340494","340494","49805.071927280485","49805.071927280485","49805.071927280485","218848","218848","218848","31909.57577548807","31909.57577548807","31909.57577548807"
"19005440","355889","355889","355889","49805.071927280485","49805.071927280485","49805.071927280485","230844","230844","230844","31910.09322010271","31910.09322010271","31910.09322010271"
"19660800","371315","371315","371315","49805.071927280485","49805.071927280485","49805.071927280485","242992","242992","242992","31911.736515584766","31911.736515584766","31911.736515584766"
"20316160","386876","386876","386876","49805.071927280485","49805.071927280485","49805.071927280485","255384","255384","255384","31911.77401633642","31911.77401633642","31911.77401633642"