"global_step","mo-hopper-2d-v4__EMOS_complexEA_selection_dynamic__4__1737019674 - _step","mo-hopper-2d-v4__EMOS_complexEA_selection_dynamic__4__1737019674 - _step__MIN","mo-hopper-2d-v4__EMOS_complexEA_selection_dynamic__4__1737019674 - _step__MAX","mo-hopper-2d-v4__EMOS_complexEA_selection_dynamic__4__1737019674 - eval/hypervolume","mo-hopper-2d-v4__EMOS_complexEA_selection_dynamic__4__1737019674 - eval/hypervolume__MIN","mo-hopper-2d-v4__EMOS_complexEA_selection_dynamic__4__1737019674 - eval/hypervolume__MAX","mo-hopper-2d-v4__EMOS_complexEA_selection_dynamic__4__1736981587 - _step","mo-hopper-2d-v4__EMOS_complexEA_selection_dynamic__4__1736981587 - _step__MIN","mo-hopper-2d-v4__EMOS_complexEA_selection_dynamic__4__1736981587 - _step__MAX","mo-hopper-2d-v4__EMOS_complexEA_selection_dynamic__4__1736981587 - eval/hypervolume","mo-hopper-2d-v4__EMOS_complexEA_selection_dynamic__4__1736981587 - eval/hypervolume__MIN","mo-hopper-2d-v4__EMOS_complexEA_selection_dynamic__4__1736981587 - eval/hypervolume__MAX","mo-hopper-2d-v4__EMOS_complexEA_selection_dynamic__4__1736948206 - _step","mo-hopper-2d-v4__EMOS_complexEA_selection_dynamic__4__1736948206 - _step__MIN","mo-hopper-2d-v4__EMOS_complexEA_selection_dynamic__4__1736948206 - _step__MAX","mo-hopper-2d-v4__EMOS_complexEA_selection_dynamic__4__1736948206 - eval/hypervolume","mo-hopper-2d-v4__EMOS_complexEA_selection_dynamic__4__1736948206 - eval/hypervolume__MIN","mo-hopper-2d-v4__EMOS_complexEA_selection_dynamic__4__1736948206 - eval/hypervolume__MAX"
"0","18","18","18","14024.813920583547","14024.813920583547","14024.813920583547","18","18","18","14513.162086358108","14513.162086358108","14513.162086358108","18","18","18","14433.980772152881","14433.980772152881","14433.980772152881"
"3932160","32533","32533","32533","33146.259719850685","33146.259719850685","33146.259719850685","32849","32849","32849","40031.52792855981","40031.52792855981","40031.52792855981","31967","31967","31967","45618.318270030955","45618.318270030955","45618.318270030955"
"4915200","38748","38748","38748","34335.89046505144","34335.89046505144","34335.89046505144","37958","37958","37958","47778.44755261415","47778.44755261415","47778.44755261415","38436","38436","38436","46039.20815524379","46039.20815524379","46039.20815524379"
"5898240","50077","50077","50077","34902.0833243596","34902.0833243596","34902.0833243596","44327","44327","44327","47778.44755261415","47778.44755261415","47778.44755261415","50169","50169","50169","46106.61533156663","46106.61533156663","46106.61533156663"
"6881280","65890","65890","65890","35502.818172106025","35502.818172106025","35502.818172106025","51528","51528","51528","47778.44755261415","47778.44755261415","47778.44755261415","65290","65290","65290","46524.11547456763","46524.11547456763","46524.11547456763"
"7864320","83540","83540","83540","35843.82421488923","35843.82421488923","35843.82421488923","60138","60138","60138","48434.919808742125","48434.919808742125","48434.919808742125","82000","82000","82000","46524.11547456763","46524.11547456763","46524.11547456763"
"8847360","102452","102452","102452","36770.10095746195","36770.10095746195","36770.10095746195","70712","70712","70712","48703.43569860316","48703.43569860316","48703.43569860316","99302","99302","99302","46525.414488192415","46525.414488192415","46525.414488192415"
"9830400","122338","122338","122338","37181.023407501256","37181.023407501256","37181.023407501256","81714","81714","81714","48703.43569860316","48703.43569860316","48703.43569860316","118078","118078","118078","46525.414488192415","46525.414488192415","46525.414488192415"
"10813440","141920","141920","141920","37510.73168853644","37510.73168853644","37510.73168853644","94014","94014","94014","48703.43569860316","48703.43569860316","48703.43569860316","137388","137388","137388","46670.8875205653","46670.8875205653","46670.8875205653"
"11796480","161941","161941","161941","37869.20136300122","37869.20136300122","37869.20136300122","106739","106739","106739","51050.762203699094","51050.762203699094","51050.762203699094","157125","157125","157125","46743.98179021981","46743.98179021981","46743.98179021981"
"12779520","183711","183711","183711","38027.0600405703","38027.0600405703","38027.0600405703","119483","119483","119483","51050.762203699094","51050.762203699094","51050.762203699094","177411","177411","177411","46976.65901167816","46976.65901167816","46976.65901167816"
"13762560","205690","205690","205690","38139.320264501934","38139.320264501934","38139.320264501934","133186","133186","133186","59144.81861668953","59144.81861668953","59144.81861668953","197686","197686","197686","47350.62307158709","47350.62307158709","47350.62307158709"
"14745600","228374","228374","228374","38227.94862865153","38227.94862865153","38227.94862865153","146536","146536","146536","59144.81861668953","59144.81861668953","59144.81861668953","218436","218436","218436","47730.30655236283","47730.30655236283","47730.30655236283"
"15728640","251700","251700","251700","38228.535154064506","38228.535154064506","38228.535154064506","160518","160518","160518","59144.81861668953","59144.81861668953","59144.81861668953","240096","240096","240096","47756.485726642044","47756.485726642044","47756.485726642044"
"16711680","275333","275333","275333","38228.535154064506","38228.535154064506","38228.535154064506","174867","174867","174867","59214.34483918885","59214.34483918885","59214.34483918885","263221","263221","263221","47927.77761028588","47927.77761028588","47927.77761028588"
"17694720","300119","300119","300119","38228.535154064506","38228.535154064506","38228.535154064506","188497","188497","188497","59214.34483918885","59214.34483918885","59214.34483918885","286135","286135","286135","48003.57405547504","48003.57405547504","48003.57405547504"
"18677760","325754","325754","325754","38230.522065536556","38230.522065536556","38230.522065536556","202672","202672","202672","59214.34483918885","59214.34483918885","59214.34483918885","310446","310446","310446","48062.96216725404","48062.96216725404","48062.96216725404"
"19660800","352162","352162","352162","38230.522065536556","38230.522065536556","38230.522065536556","217416","217416","217416","59214.34483918885","59214.34483918885","59214.34483918885","334156","334156","334156","48070.10193135039","48070.10193135039","48070.10193135039"
"20643840","379899","379899","379899","38230.522065536556","38230.522065536556","38230.522065536556","232627","232627","232627","59972.79483584687","59972.79483584687","59972.79483584687","358277","358277","358277","48070.10193135039","48070.10193135039","48070.10193135039"
"21626880","408337","408337","408337","38230.522065536556","38230.522065536556","38230.522065536556","246057","246057","246057","61815.56016734394","61815.56016734394","61815.56016734394","382727","382727","382727","48070.10193135039","48070.10193135039","48070.10193135039"
"22609920","438076","438076","438076","38230.522065536556","38230.522065536556","38230.522065536556","258666","258666","258666","62030.36162808258","62030.36162808258","62030.36162808258","407528","407528","407528","48075.6264473738","48075.6264473738","48075.6264473738"
"23592960","468159","468159","468159","38230.522065536556","38230.522065536556","38230.522065536556","271737","271737","271737","62033.92599925585","62033.92599925585","62033.92599925585","432787","432787","432787","48077.107916542824","48077.107916542824","48077.107916542824"
"24576000","498862","498862","498862","38230.522065536556","38230.522065536556","38230.522065536556","285142","285142","285142","62033.92599925585","62033.92599925585","62033.92599925585","458304","458304","458304","48080.75113156965","48080.75113156965","48080.75113156965"
"25559040","530220","530220","530220","38230.522065536556","38230.522065536556","38230.522065536556","298734","298734","298734","62033.92599925585","62033.92599925585","62033.92599925585","483934","483934","483934","48101.81566124808","48101.81566124808","48101.81566124808"
"26542080","562210","562210","562210","38230.522065536556","38230.522065536556","38230.522065536556","312552","312552","312552","62033.92599925585","62033.92599925585","62033.92599925585","509676","509676","509676","48102.79543601969","48102.79543601969","48102.79543601969"
"27525120","590329","590329","590329","38230.522065536556","38230.522065536556","38230.522065536556","326445","326445","326445","62033.92599925585","62033.92599925585","62033.92599925585","535543","535543","535543","48102.79543601969","48102.79543601969","48102.79543601969"
"28508160","617373","617373","617373","38230.522065536556","38230.522065536556","38230.522065536556","340571","340571","340571","62033.92599925585","62033.92599925585","62033.92599925585","561559","561559","561559","48109.81542383009","48109.81542383009","48109.81542383009"
"29491200","644903","644903","644903","38230.522065536556","38230.522065536556","38230.522065536556","354655","354655","354655","62033.92599925585","62033.92599925585","62033.92599925585","587667","587667","587667","48130.587747918704","48130.587747918704","48130.587747918704"
"30474240","672869","672869","672869","38230.522065536556","38230.522065536556","38230.522065536556","368933","368933","368933","62033.92599925585","62033.92599925585","62033.92599925585","614087","614087","614087","48131.804940953414","48131.804940953414","48131.804940953414"