"global_step","mo-halfcheetah-v4__EMOS_complexEA_selection_dynamic__3__1737063174 - _step","mo-halfcheetah-v4__EMOS_complexEA_selection_dynamic__3__1737063174 - _step__MIN","mo-halfcheetah-v4__EMOS_complexEA_selection_dynamic__3__1737063174 - _step__MAX","mo-halfcheetah-v4__EMOS_complexEA_selection_dynamic__3__1737063174 - eval/hypervolume","mo-halfcheetah-v4__EMOS_complexEA_selection_dynamic__3__1737063174 - eval/hypervolume__MIN","mo-halfcheetah-v4__EMOS_complexEA_selection_dynamic__3__1737063174 - eval/hypervolume__MAX","mo-halfcheetah-v4__EMOS_complexEA_selection_dynamic__3__1737043211 - _step","mo-halfcheetah-v4__EMOS_complexEA_selection_dynamic__3__1737043211 - _step__MIN","mo-halfcheetah-v4__EMOS_complexEA_selection_dynamic__3__1737043211 - _step__MAX","mo-halfcheetah-v4__EMOS_complexEA_selection_dynamic__3__1737043211 - eval/hypervolume","mo-halfcheetah-v4__EMOS_complexEA_selection_dynamic__3__1737043211 - eval/hypervolume__MIN","mo-halfcheetah-v4__EMOS_complexEA_selection_dynamic__3__1737043211 - eval/hypervolume__MAX","mo-halfcheetah-v4__EMOS_complexEA_selection_dynamic__3__1737003507 - _step","mo-halfcheetah-v4__EMOS_complexEA_selection_dynamic__3__1737003507 - _step__MIN","mo-halfcheetah-v4__EMOS_complexEA_selection_dynamic__3__1737003507 - _step__MAX","mo-halfcheetah-v4__EMOS_complexEA_selection_dynamic__3__1737003507 - eval/hypervolume","mo-halfcheetah-v4__EMOS_complexEA_selection_dynamic__3__1737003507 - eval/hypervolume__MIN","mo-halfcheetah-v4__EMOS_complexEA_selection_dynamic__3__1737003507 - eval/hypervolume__MAX"
"0","18","18","18","0","0","0","18","18","18","0","0","0","18","18","18","0","0","0"
"3932160","8757","8757","8757","15068.665442919966","15068.665442919966","15068.665442919966","8757","8757","8757","14712.491076881231","14712.491076881231","14712.491076881231","8757","8757","8757","13243.252623190358","13243.252623190358","13243.252623190358"
"4915200","12257","12257","12257","15068.665442919966","15068.665442919966","15068.665442919966","12257","12257","12257","14712.491076881231","14712.491076881231","14712.491076881231","12257","12257","12257","13243.252623190358","13243.252623190358","13243.252623190358"
"5898240","15757","15757","15757","15068.665442919966","15068.665442919966","15068.665442919966","15757","15757","15757","14712.491076881231","14712.491076881231","14712.491076881231","15757","15757","15757","13243.252623190358","13243.252623190358","13243.252623190358"
"6881280","19258","19258","19258","15068.665442919966","15068.665442919966","15068.665442919966","19258","19258","19258","14712.491076881231","14712.491076881231","14712.491076881231","19258","19258","19258","13243.252623190358","13243.252623190358","13243.252623190358"
"7864320","22759","22759","22759","15068.665442919966","15068.665442919966","15068.665442919966","22759","22759","22759","14712.491076881231","14712.491076881231","14712.491076881231","22759","22759","22759","13243.252623190358","13243.252623190358","13243.252623190358"
"8847360","26263","26263","26263","15068.665442919966","15068.665442919966","15068.665442919966","26263","26263","26263","14712.491076881231","14712.491076881231","14712.491076881231","26263","26263","26263","13243.252623190358","13243.252623190358","13243.252623190358"
"9830400","29766","29766","29766","15068.665442919966","15068.665442919966","15068.665442919966","29766","29766","29766","14712.491076881231","14712.491076881231","14712.491076881231","29766","29766","29766","13243.252623190358","13243.252623190358","13243.252623190358"
"10813440","33267","33267","33267","15068.665442919966","15068.665442919966","15068.665442919966","33267","33267","33267","14712.491076881231","14712.491076881231","14712.491076881231","33267","33267","33267","13243.252623190358","13243.252623190358","13243.252623190358"
"11796480","36768","36768","36768","15068.665442919966","15068.665442919966","15068.665442919966","36768","36768","36768","14712.491076881231","14712.491076881231","14712.491076881231","36768","36768","36768","13243.252623190358","13243.252623190358","13243.252623190358"
"12779520","40270","40270","40270","15068.665442919966","15068.665442919966","15068.665442919966","40270","40270","40270","14712.491076881231","14712.491076881231","14712.491076881231","40270","40270","40270","13243.252623190358","13243.252623190358","13243.252623190358"
"13762560","43769","43769","43769","15068.665442919966","15068.665442919966","15068.665442919966","43769","43769","43769","14712.491076881231","14712.491076881231","14712.491076881231","43769","43769","43769","13243.252623190358","13243.252623190358","13243.252623190358"
"14745600","47268","47268","47268","15068.665442919966","15068.665442919966","15068.665442919966","47268","47268","47268","14712.491076881231","14712.491076881231","14712.491076881231","47268","47268","47268","13243.252623190358","13243.252623190358","13243.252623190358"
"15728640","50772","50772","50772","15068.665442919966","15068.665442919966","15068.665442919966","50772","50772","50772","14712.491076881231","14712.491076881231","14712.491076881231","50772","50772","50772","13243.252623190358","13243.252623190358","13243.252623190358"
"16711680","54273","54273","54273","15068.665442919966","15068.665442919966","15068.665442919966","54273","54273","54273","14712.491076881231","14712.491076881231","14712.491076881231","54273","54273","54273","13243.252623190358","13243.252623190358","13243.252623190358"
"17694720","57776","57776","57776","15068.665442919966","15068.665442919966","15068.665442919966","57776","57776","57776","14712.491076881231","14712.491076881231","14712.491076881231","57776","57776","57776","13243.252623190358","13243.252623190358","13243.252623190358"
"18677760","61283","61283","61283","15068.665442919966","15068.665442919966","15068.665442919966","61283","61283","61283","14712.491076881231","14712.491076881231","14712.491076881231","61283","61283","61283","13243.252623190358","13243.252623190358","13243.252623190358"
"19660800","64781","64781","64781","15068.665442919966","15068.665442919966","15068.665442919966","64781","64781","64781","14712.491076881231","14712.491076881231","14712.491076881231","64781","64781","64781","13243.252623190358","13243.252623190358","13243.252623190358"
"20643840","68280","68280","68280","15068.665442919966","15068.665442919966","15068.665442919966","68280","68280","68280","14712.491076881231","14712.491076881231","14712.491076881231","68280","68280","68280","13243.252623190358","13243.252623190358","13243.252623190358"
"21626880","71783","71783","71783","15068.665442919966","15068.665442919966","15068.665442919966","71783","71783","71783","14712.491076881231","14712.491076881231","14712.491076881231","71783","71783","71783","13243.252623190358","13243.252623190358","13243.252623190358"
"22609920","75283","75283","75283","15068.665442919966","15068.665442919966","15068.665442919966","75283","75283","75283","14712.491076881231","14712.491076881231","14712.491076881231","75283","75283","75283","13243.252623190358","13243.252623190358","13243.252623190358"
"23592960","78784","78784","78784","15068.665442919966","15068.665442919966","15068.665442919966","78784","78784","78784","14712.491076881231","14712.491076881231","14712.491076881231","78784","78784","78784","13243.252623190358","13243.252623190358","13243.252623190358"
"24576000","82287","82287","82287","15068.665442919966","15068.665442919966","15068.665442919966","82287","82287","82287","14712.491076881231","14712.491076881231","14712.491076881231","82287","82287","82287","13243.252623190358","13243.252623190358","13243.252623190358"
"25559040","85791","85791","85791","15068.665442919966","15068.665442919966","15068.665442919966","85791","85791","85791","14712.491076881231","14712.491076881231","14712.491076881231","85791","85791","85791","13243.252623190358","13243.252623190358","13243.252623190358"
"26542080","89295","89295","89295","15068.665442919966","15068.665442919966","15068.665442919966","89295","89295","89295","14712.491076881231","14712.491076881231","14712.491076881231","89295","89295","89295","13243.252623190358","13243.252623190358","13243.252623190358"
"27525120","92798","92798","92798","15068.665442919966","15068.665442919966","15068.665442919966","92798","92798","92798","14712.491076881231","14712.491076881231","14712.491076881231","92798","92798","92798","13243.252623190358","13243.252623190358","13243.252623190358"
"28508160","96299","96299","96299","15068.665442919966","15068.665442919966","15068.665442919966","96299","96299","96299","14712.491076881231","14712.491076881231","14712.491076881231","96299","96299","96299","13243.252623190358","13243.252623190358","13243.252623190358"
"29491200","99798","99798","99798","15068.665442919966","15068.665442919966","15068.665442919966","99798","99798","99798","14712.491076881231","14712.491076881231","14712.491076881231","99798","99798","99798","13243.252623190358","13243.252623190358","13243.252623190358"
"30474240","103303","103303","103303","15068.665442919966","15068.665442919966","15068.665442919966","103303","103303","103303","14712.491076881231","14712.491076881231","14712.491076881231","103303","103303","103303","13243.252623190358","13243.252623190358","13243.252623190358"