"global_step","algo: PGMORL - _step","algo: PGMORL - _step__MIN","algo: PGMORL - _step__MAX","algo: PGMORL - eval/hypervolume","algo: PGMORL - eval/hypervolume__MIN","algo: PGMORL - eval/hypervolume__MAX"
"0","18","18","18","4550.031198129172","4238.961953235654","5004.6478859406925"
"3932160","8757","8757","8757","13306.240540321605","12032.730901406443","16274.569150659747"
"4915200","10957","10957","10957","13946.303828479484","12321.9267383763","16420.174318196496"
"5898240","13157","13157","13157","14183.379942450429","12552.312342688616","16599.610668602527"
"6881280","15357","15357","15357","15410.618186402984","13909.25975199322","17663.949481854364"
"7864320","17557","17557","17557","15419.601707517071","13911.567867283931","17680.45644058194"
"8847360","19757","19757","19757","15476.253811002442","13920.66324212203","17704.521463368066"
"9830400","21957","21957","21957","16195.858901491074","14034.1729721668","17719.01758875329"
"10813440","24157","24157","24157","16205.100879998485","14043.454831501487","17753.208101539352"
"11796480","26357","26357","26357","16208.517722020299","14043.454831501487","17761.203705902444"
"12779520","28557","28557","28557","16222.4870233606","14068.061326956167","17769.169362651966"
"13762560","30757","30757","30757","16232.564503599502","14076.770281285553","17774.35875250447"
"14745600","32957","32957","32957","16240.356981293906","14079.28934156084","17782.63993269363"
"15728640","35157","35157","35157","16530.29661972721","14093.77087975715","18126.20101366116"
"16711680","37357","37357","37357","16628.91068530817","14482.506087604654","18228.91463150983"
"17694720","39557","39557","39557","17118.988673098163","15122.216537714978","18233.587193331958"
"18677760","41757","41757","41757","17126.477990697207","15137.34272466941","18241.001524060906"
"19660800","43957","43957","43957","17151.249532555008","15137.34272466941","18250.116758938027"
"20643840","46157","46157","46157","17432.4238509817","15137.542422069351","18398.526790783468"
"21626880","48357","48357","48357","17583.30082318118","15166.99670886597","18414.16565468742"
"22609920","50557","50557","50557","17648.876488475136","15481.868669812186","18417.76004695949"
"23592960","52757","52757","52757","18009.48836531325","17260.449370738224","18433.648136461652"
"24576000","54957","54957","54957","18014.10535802135","17271.714327971058","18436.84860788174"
"25559040","57157","57157","57157","18241.520902871882","17292.28850280519","19374.817138219652"
"26542080","59357","59357","59357","18244.74409998388","17303.237752807727","19377.40440986309"
"27525120","61557","61557","61557","18246.127000058263","17306.942121969158","19378.375514532898"
"28508160","63757","63757","63757","18254.745530613367","17345.60161939698","19380.246743337408"
"29491200","65957","65957","65957","18430.180807437246","17348.248317597863","20250.986987718956"
"30474240","68157","68157","68157","18790.24032481323","17798.194934159812","20490.991008243524"