,eval/front,eval/sparsity,losses/policy_loss,losses/critic_loss,_runtime,global_step,eval/cardinality,_step,eval/eum,_timestamp,eval/hypervolume
0,,,-2.207638740539551,0.04493406414985657,3.373492174,1200,,2,,1736532407.3599324,
1,,,-3.0045790672302246,0.04887952655553818,4.978708422,1400,,4,,1736532408.965145,
2,,,-6.225164413452148,0.4950917363166809,9.85541729,2000,,10,,1736532413.841849,
3,,,-6.907288551330566,0.09877075254917145,10.680101071,2100,,11,,1736532414.6665542,
4,,,-7.999810218811035,0.21977989375591278,12.328958926,2300,,13,,1736532416.3153932,
5,,,-18.049833297729492,5.09031867980957,25.603457529,3900,,29,,1736532429.5898914,
6,,,-22.144039154052734,2.8938777446746826,33.869181543,4900,,39,,1736532437.8556113,
7,,,-24.421308517456055,12.0768461227417,38.854418174,5500,,45,,1736532442.840847,
8,,,-23.399253845214844,6.708919048309326,42.183683155,5900,,49,,1736532446.1701133,
9,,,-30.130388259887695,12.696037292480469,52.978394664,7200,,62,,1736532456.964818,
10,,,-29.390872955322266,4.62882137298584,57.951840718,7800,,68,,1736532461.9382606,
11,,,-32.553688049316406,2.5603654384613037,58.779198136,7900,,69,,1736532462.7656245,
12,,,-34.848106384277344,3.7751035690307617,61.268016794,8200,,72,,1736532465.25443,
13,,,-36.60832214355469,1.475188970565796,66.240356813,8800,,78,,1736532470.2267935,
14,,,-38.64414596557617,5.771129608154297,69.532046804,9200,,82,,1736532473.5184755,
15,,,-37.12982177734375,9.157514572143555,70.356847954,9300,,83,,1736532474.3432784,
16,"{'ncols': 2, 'nrows': 36, 'path': 'media/table/eval/front_91_66ee6d069ea58a14880d.table.json', 'sha256': '66ee6d069ea58a14880ddc14de3d440efcd23dfddf0ff662e9aa56fb3bd5d768', 'size': 1526, 'artifact_path': 'wandb-client-artifact://0or8yd35u9qnceugwlvmx24ykmq2bczy1nbtu1ybpfzf6ssmwza4yrnzpndzbd46jc4y5svmliupkvwpvf24amj6qgivnc0nds8zj61fqrnyozepeaz0ugo0c0f7f4ob/eval/front.table.json', '_latest_artifact_path': 'wandb-client-artifact://z2ob3r1ahe1f7homm8hfmb58k3zerupur77ryjeckejzsomx5qdtujp60rha5171zr9ob5y6zjmfu1mtxv4uhpaogy0s2oxe91f2q2s2tutg4p1vdc6zspkdugvagw0u:latest/eval/front.table.json', '_type': 'table-file'}",2.3042396987586335,,,107.506394218,10000,36.0,91,106.80225229900506,1736532511.4926353,42217.58870798178
17,,,-37.93119812011719,17.384777069091797,109.19116049,10200,,93,,1736532513.1775744,
18,,,-41.49221420288086,6.2720465660095215,111.692568661,10500,,96,,1736532515.678991,
19,,,-41.83217239379883,5.905584335327148,112.514033324,10600,,97,,1736532516.5004637,
20,,,-44.22737121582031,4.345928192138672,115.834040623,11000,,101,,1736532519.8204877,
21,,,-42.162479400634766,5.178614616394043,118.325860794,11300,,104,,1736532522.3122885,
22,,,-47.434757232666016,4.132811546325684,119.987302982,11500,,106,,1736532523.973733,
23,,,-45.47140121459961,5.2740983963012695,120.819713311,11600,,107,,1736532524.8061671,
24,,,-46.38434982299805,15.966922760009766,124.969019201,12100,,112,,1736532528.955449,
25,,,-43.35525894165039,58.04632568359375,125.800535093,12200,,113,,1736532529.7869651,
26,,,-50.12905502319336,6.548578262329102,132.452618186,13000,,121,,1736532536.4390285,
27,,,-50.482994079589844,4.979371070861816,135.775222029,13400,,125,,1736532539.7616565,
28,,,-47.36680603027344,49.43376541137695,138.286016655,13700,,128,,1736532542.2724433,
29,,,-46.88945770263672,12.725481986999512,144.130413334,14400,,135,,1736532548.1168454,
30,,,-47.5930290222168,3.7999374866485596,145.793896825,14600,,137,,1736532549.7803264,
31,,,-58.197235107421875,7.359281539916992,149.952719046,15100,,142,,1736532553.9391303,
32,,,-54.47862243652344,4.441786766052246,151.621505376,15300,,144,,1736532555.607937,
33,,,-47.82688522338867,6.887404441833496,156.619972873,15900,,150,,1736532560.606401,
34,,,-53.91337585449219,3.8004887104034424,159.118654839,16200,,153,,1736532563.105085,
35,,,-48.856727600097656,12.91357421875,160.784331388,16400,,155,,1736532564.7707682,
36,,,-56.1104736328125,4.122529029846191,161.614538334,16500,,156,,1736532565.600976,
37,,,-54.21375274658203,61.939674377441406,165.767111331,17000,,161,,1736532569.7535412,
38,,,-54.33763122558594,6.1231369972229,169.095477184,17400,,165,,1736532573.081899,
39,,,-50.92991256713867,8.96072006225586,172.430936218,17800,,169,,1736532576.4173672,
40,,,-58.02204132080078,2.3558907508850098,173.263812666,17900,,170,,1736532577.2502382,
41,,,-56.91143035888672,31.154438018798828,175.761737579,18200,,173,,1736532579.7481759,
42,,,-55.56654739379883,2.6547536849975586,179.931061519,18700,,178,,1736532583.9174938,
43,,,-51.09653854370117,3.7171268463134766,180.765138187,18800,,179,,1736532584.75158,
44,,,-55.418861389160156,5.308228015899658,182.430972337,19000,,181,,1736532586.4173996,
45,,,-55.04204177856445,2.145887851715088,187.433896041,19600,,187,,1736532591.4203281,
46,,,-57.59403610229492,3.6740646362304688,189.939727286,19900,,190,,1736532593.9261594,
47,"{'ncols': 2, 'nrows': 18, 'path': 'media/table/eval/front_192_ddd734101e63fb2f884e.table.json', 'sha256': 'ddd734101e63fb2f884e709c4fe459bb7919bff86807d2c86c6fd319087049fb', 'size': 790, 'artifact_path': 'wandb-client-artifact://u2dx18rrqq85xjycodb10i9piddgdelqzmq4vjiqdp2ohk1mcbq75r6xf9avneznfxsg9sez59rmz5k1t98kv6ekn8zn2bc5wtpxyjfz6bh8q5bl7rzr8el6qu76f2cz/eval/front.table.json', '_latest_artifact_path': 'wandb-client-artifact://gvt8zvu8dchj41ogjx1rh9pd79hfgl2cri3a5cz8jrl608stnvl9kfns614stj3549nd5j6k8ptcpjjmsu5xde3ijibhua76tpbynttafrqa4djad6matmj6lkxcnshh:latest/eval/front.table.json', '_type': 'table-file'}",89.2641744407424,,,273.693997716,20000,18.0,192,112.05314690086152,1736532677.6804457,47638.36824157059
48,,,-52.35301971435547,2.156017780303955,275.363072669,20200,,194,,1736532679.3494985,
49,,,-54.7640380859375,16.90728187561035,278.711594108,20600,,198,,1736532682.6980212,
50,,,-59.08009338378906,2.440812826156616,282.080917683,21000,,202,,1736532686.0673466,
51,,,-61.01834487915039,3.2259786128997803,291.366956712,22100,,213,,1736532695.3533897,
52,,,-57.834564208984375,7.217968940734863,292.209298451,22200,,214,,1736532696.1957192,
53,,,-61.6577033996582,25.049419403076172,298.050688964,22900,,221,,1736532702.0371196,
54,,,-60.794349670410156,2.598080635070801,300.545030121,23200,,224,,1736532704.5314717,
55,,,-58.94549560546875,3.607356309890747,305.529874728,23800,,230,,1736532709.516305,
56,,,-60.13357162475586,7.645458698272705,307.189317749,24000,,232,,1736532711.175748,
57,,,-61.23527908325195,25.126304626464844,311.340104443,24500,,237,,1736532715.3265288,
58,,,-60.052703857421875,24.408222198486328,312.168838944,24600,,238,,1736532716.1552734,
59,,,-56.99018859863281,5.153670787811279,313.830205999,24800,,240,,1736532717.8166387,
60,,,-58.90133285522461,6.2476911544799805,314.660100679,24900,,241,,1736532718.6465325,
61,,,-56.13335418701172,2.458688259124756,316.320271992,25100,,243,,1736532720.30669,
62,,,-58.07014846801758,4.827722072601318,319.647879806,25500,,247,,1736532723.6343043,
63,,,-63.973567962646484,6.381268501281738,322.136424786,25800,,250,,1736532726.1228545,
64,,,-60.994956970214844,55.808380126953125,324.635765782,26100,,253,,1736532728.62219,
65,,,-61.31753158569336,31.4283447265625,330.452297987,26800,,260,,1736532734.4387496,
66,,,-56.94795608520508,3.472775459289551,332.944728321,27100,,263,,1736532736.9311485,
67,,,-60.01762390136719,4.480564117431641,334.601430214,27300,,265,,1736532738.5878606,
68,,,-61.291534423828125,6.04195499420166,339.59515382,27900,,271,,1736532743.5815885,
69,,,-59.5359001159668,1.8392513990402222,344.587990861,28500,,277,,1736532748.5744157,
70,,,-58.66322708129883,2.934511661529541,349.571032314,29100,,283,,1736532753.557466,
71,,,-58.119651794433594,2.525193214416504,352.062301977,29400,,286,,1736532756.0487413,
72,,,-52.350215911865234,7.019166946411133,353.725039733,29600,,288,,1736532757.7114737,
73,,,-61.02391815185547,1.986354112625122,354.558154659,29700,,289,,1736532758.54459,
74,,,-59.032291412353516,2.5559089183807373,355.388256714,29800,,290,,1736532759.3746743,
75,,,-57.97251510620117,2.2975237369537354,357.048214114,30000,,292,,1736532761.0346475,
76,,,-55.57882308959961,4.481976509094238,467.747688772,30100,,294,,1736532871.7341366,
77,,,-55.37611389160156,1.6717877388000488,470.248429959,30400,,297,,1736532874.2348595,
78,,,-53.749366760253906,3.8540120124816895,471.917838102,30600,,299,,1736532875.90427,
79,,,-54.441741943359375,2.7245702743530273,476.096265492,31100,,304,,1736532880.0826952,
80,,,-57.828983306884766,2.096742630004883,477.764907688,31300,,306,,1736532881.7513235,
81,,,-56.41108322143555,21.15420150756836,478.599285795,31400,,307,,1736532882.5857186,
82,,,-58.10663604736328,12.618274688720703,481.107221419,31700,,310,,1736532885.093664,
83,,,-48.69314193725586,2.2151920795440674,485.279648268,32200,,315,,1736532889.2660718,
84,,,-54.31487274169922,11.141304016113281,486.112431448,32300,,316,,1736532890.098862,
85,,,-51.47895812988281,4.290953159332275,489.450893846,32700,,320,,1736532893.4373322,
86,,,-53.51081466674805,3.082777500152588,490.285913095,32800,,321,,1736532894.27234,
87,,,-54.90318298339844,2.852653741836548,497.837276769,33700,,330,,1736532901.8237042,
88,,,-52.79042434692383,2.220332384109497,499.516334393,33900,,332,,1736532903.5027635,
89,,,-57.890560150146484,2.8701462745666504,502.03482272,34200,,335,,1736532906.0212185,
90,,,-58.77712631225586,3.001585006713867,502.874267202,34300,,336,,1736532906.860695,
91,,,-51.690330505371094,3.0664353370666504,503.716227753,34400,,337,,1736532907.702654,
92,,,-53.51082992553711,32.44508743286133,505.409882757,34600,,339,,1736532909.396314,
93,,,-58.028018951416016,5.992798805236816,506.248762146,34700,,340,,1736532910.235187,
94,,,-52.69974899291992,2.274348258972168,507.086914576,34800,,341,,1736532911.0733466,
95,,,-52.9163818359375,2.1353869438171387,507.924714654,34900,,342,,1736532911.9111338,
96,,,-55.01509094238281,3.473447799682617,512.944272955,35500,,348,,1736532916.9306962,
97,,,-57.61710739135742,1.7585033178329468,514.61519632,35700,,350,,1736532918.6016262,
98,,,-54.79035186767578,9.814851760864258,516.288384089,35900,,352,,1736532920.2748199,
99,,,-56.032981872558594,1.642069697380066,517.963406232,36100,,354,,1736532921.94983,
100,,,-58.6490364074707,3.937790870666504,528.859984618,37400,,367,,1736532932.846414,
101,,,-58.9835319519043,2.1790497303009033,534.731065187,38100,,374,,1736532938.7174964,
102,,,-56.24509811401367,2.2115588188171387,538.070403823,38500,,378,,1736532942.0568266,
103,,,-63.29678726196289,1.549150824546814,541.424972755,38900,,382,,1736532945.411404,
104,,,-58.53179168701172,1.873863697052002,545.695180138,39400,,387,,1736532949.6816669,
105,,,-57.87221908569336,3.430239677429199,546.591056991,39500,,388,,1736532950.577477,
106,,,-52.91197967529297,1.9775440692901611,550.118009025,39900,,392,,1736532954.1044374,
107,,,-61.708168029785156,1.5964235067367554,640.430434418,40200,,396,,1736533044.4169111,
108,,,-59.28852081298828,2.5532636642456055,643.791829022,40600,,400,,1736533047.7782614,
109,,,-56.27049255371094,10.776636123657227,649.671749462,41300,,407,,1736533053.6581893,
110,,,-56.75347900390625,2.1982879638671875,658.92460321,42400,,418,,1736533062.911026,
111,,,-56.52322769165039,1.8649322986602783,664.772939947,43100,,425,,1736533068.759366,
112,,,-57.764137268066406,1.5312328338623047,672.293334616,44000,,434,,1736533076.279753,
113,,,-66.20048522949219,10.749472618103027,673.131468164,44100,,435,,1736533077.1179001,
114,,,-52.502967834472656,4.541179180145264,677.325459859,44600,,440,,1736533081.3118904,
115,,,-60.23578643798828,2.444488763809204,681.55334558,45100,,445,,1736533085.5397768,
116,,,-61.66169738769531,4.621185302734375,683.229639504,45300,,447,,1736533087.2160757,
117,,,-59.707862854003906,1.5851678848266602,686.578518021,45700,,451,,1736533090.5649493,
118,,,-56.677337646484375,1.761065125465393,687.415496917,45800,,452,,1736533091.401925,
119,,,-61.20126724243164,4.393962860107422,689.08848693,46000,,454,,1736533093.0749063,
120,,,-57.35027313232422,1.5670111179351807,689.925342888,46100,,455,,1736533093.9117756,
121,,,-61.61511993408203,4.489353179931641,691.599734831,46300,,457,,1736533095.5861645,
122,,,-60.074222564697266,1.8518030643463135,707.513308725,48200,,476,,1736533111.499732,
123,,,-58.87464904785156,1.6595051288604736,710.025359936,48500,,479,,1736533114.011794,
124,,,-59.28068542480469,2.9948601722717285,714.212304437,49000,,484,,1736533118.1987357,
125,,,-55.98923873901367,20.19622230529785,715.887284472,49200,,486,,1736533119.873723,
126,,,-65.37849426269531,4.0790557861328125,722.592965489,50000,,494,,1736533126.5793977,
127,"{'_type': 'table-file', 'ncols': 2, 'nrows': 27, 'path': 'media/table/eval/front_495_20678725e7613f0ffeb2.table.json', 'sha256': '20678725e7613f0ffeb25d91b3267dd4711e31912fa2c45988cfa39738dd756c', 'size': 1155, 'artifact_path': 'wandb-client-artifact://rzfsfh4gj705v4qfi05crlzfq2739odconir125jtxo9m3m0xguzscpgl2nb86b75l9fr9bo8x1t0a735q3emgykrdgsp0a0hjkye7z8pan8uv5y9uyve38lp0tpblb9/eval/front.table.json', '_latest_artifact_path': 'wandb-client-artifact://ymbh59bntxg0cun1fc5d63hjff2ul16rcu1lc4kuy3cb18fnkgp7044hd0b6f7cfognrcoyifdgx7071cpznwcgguz9bzksaq9lqfppz8nm26l6zaie3hcv97t5huzmz:latest/eval/front.table.json'}",70.39457398482803,,,761.764477555,50000,27.0,495,134.81669426461295,1736533165.7509758,60381.71448490249
128,,,-63.200897216796875,4.354348182678223,765.108228323,50400,,499,,1736533169.094657,
129,,,-60.81479263305664,4.918653964996338,767.61648903,50700,,502,,1736533171.6029181,
130,,,-58.98302459716797,2.0033059120178223,770.972481335,51100,,506,,1736533174.9589093,
131,,,-64.88719177246094,2.081404209136963,771.809776765,51200,,507,,1736533175.7962108,
132,,,-68.33438873291016,1.9707258939743042,773.49108442,51400,,509,,1736533177.477511,
133,,,-61.68538284301758,1.7425858974456787,775.169707815,51600,,511,,1736533179.1561418,
134,,,-63.883975982666016,2.5086140632629395,776.009518165,51700,,512,,1736533179.9959462,
135,,,-63.05169677734375,1.4439342021942139,777.689597657,51900,,514,,1736533181.6760266,
136,,,-64.51736450195312,1.726539134979248,781.894249168,52400,,519,,1736533185.8806896,
137,,,-63.50392150878906,1.912891149520874,784.415243072,52700,,522,,1736533188.4016693,
138,,,-63.14564514160156,1.6176038980484009,785.256423206,52800,,523,,1736533189.2428534,
139,,,-61.621826171875,3.671675205230713,795.339021036,54000,,535,,1736533199.325454,
140,,,-63.61825180053711,1.8179975748062134,799.565752489,54500,,540,,1736533203.5521822,
141,,,-68.86222839355469,4.269296646118164,807.144121606,55400,,549,,1736533211.1305454,
142,,,-61.479270935058594,2.015221118927002,809.669809719,55700,,552,,1736533213.6562352,
143,,,-63.74018478393555,2.254152297973633,811.351054266,55900,,554,,1736533215.3374858,
144,,,-64.75125122070312,3.2024435997009277,813.864870457,56200,,557,,1736533217.851294,
145,,,-60.66108703613281,4.419344425201416,818.87950206,56800,,563,,1736533222.8659337,
146,,,-66.10816192626953,1.5321424007415771,820.548485761,57000,,565,,1736533224.5349047,
147,,,-62.93950653076172,1.3769943714141846,822.217783258,57200,,567,,1736533226.204212,
148,,,-64.4253921508789,1.6254682540893555,823.050644298,57300,,568,,1736533227.0370812,
149,,,-66.38597106933594,1.7854723930358887,827.224857978,57800,,573,,1736533231.211286,
150,,,-64.83563232421875,1.0570800304412842,835.566143577,58800,,583,,1736533239.5525792,
151,,,-68.48371124267578,1.584769606590271,836.400776794,58900,,584,,1736533240.3872087,
152,,,-63.11126708984375,4.966190338134766,840.590741037,59400,,589,,1736533244.5771744,
153,,,-60.3744010925293,1.4918944835662842,842.264798285,59600,,591,,1736533246.2512286,
154,,,-65.49436950683594,1.6378865242004395,844.776541884,59900,,594,,1736533248.7629666,
155,,,-62.72579574584961,1.1508588790893555,951.433199045,60100,,597,,1736533355.4196365,
156,,,-65.47019958496094,1.0774650573730469,956.474650779,60700,,603,,1736533360.4610782,
157,,,-62.7465934753418,2.7127065658569336,959.836759775,61100,,607,,1736533363.8231888,
158,,,-65.6097183227539,1.505988359451294,962.358960886,61400,,610,,1736533366.3453894,
159,,,-67.92317962646484,1.644580364227295,969.079787732,62200,,618,,1736533373.0662038,
160,,,-64.41145324707031,1.124032735824585,970.76712959,62400,,620,,1736533374.7535691,
161,,,-67.46251678466797,1.1562814712524414,974.981839933,62900,,625,,1736533378.968265,
162,,,-60.875179290771484,32.13329315185547,976.670034374,63100,,627,,1736533380.6564467,
163,,,-65.42749786376953,2.02493953704834,977.516584487,63200,,628,,1736533381.5030048,
164,,,-61.65114212036133,4.979156970977783,985.124599637,64100,,637,,1736533389.1110208,
165,,,-60.5087890625,3.482964515686035,986.815923203,64300,,639,,1736533390.80235,
166,,,-71.1014633178711,6.26591682434082,990.195764159,64700,,643,,1736533394.182199,
167,,,-63.19306182861328,2.5348634719848633,996.926122373,65500,,651,,1736533400.9125545,
168,,,-58.834503173828125,1.4893372058868408,997.766544216,65600,,652,,1736533401.752965,
169,,,-65.661376953125,4.6385111808776855,998.606880867,65700,,653,,1736533402.5933092,
170,,,-60.2569465637207,1.869568943977356,999.447509086,65800,,654,,1736533403.4339368,
171,,,-68.53065490722656,1.4958832263946533,1002.812434253,66200,,658,,1736533406.7988722,
172,,,-68.46111297607422,1.568784475326538,1007.864790028,66800,,664,,1736533411.8512213,
173,,,-65.51116943359375,1.1185506582260132,1011.238317823,67200,,668,,1736533415.2247496,
174,,,-64.98030853271484,1.3670527935028076,1023.048925018,68600,,682,,1736533427.035361,
175,,,-67.57907104492188,1.462920904159546,1023.895303038,68700,,683,,1736533427.881689,
176,,,-63.6543083190918,1.1661490201950073,1024.737737431,68800,,684,,1736533428.7241445,
177,,,-65.7860336303711,4.114090919494629,1028.121669094,69200,,688,,1736533432.1080933,
178,,,-71.855224609375,1.5531835556030273,1028.966751461,69300,,689,,1736533432.9531863,
179,,,-66.88980865478516,15.420316696166992,1031.505671519,69600,,692,,1736533435.4921036,
180,,,-63.88683319091797,4.454486846923828,1120.129082835,70400,,701,,1736533524.1155124,
181,,,-65.19918060302734,2.073207378387451,1124.363516637,70900,,706,,1736533528.349947,
182,,,-70.47618865966797,2.1109824180603027,1125.208906318,71000,,707,,1736533529.1953382,
183,,,-63.13739013671875,1.3655935525894165,1126.90356563,71200,,709,,1736533530.8899956,
184,,,-68.39971923828125,1.5911228656768799,1132.835403522,71900,,716,,1736533536.8218327,
185,,,-71.29850006103516,11.139545440673828,1133.683132075,72000,,717,,1736533537.6695628,
186,,,-65.52363586425781,1.7205533981323242,1138.772716112,72600,,723,,1736533542.7591364,
187,,,-63.95360565185547,1.6848164796829224,1146.492005398,73500,,732,,1736533550.4784386,
188,,,-65.98016357421875,2.0389721393585205,1152.599879011,74200,,739,,1736533556.5863078,
189,,,-64.13096618652344,1.7061080932617188,1154.292250228,74400,,741,,1736533558.2786813,
190,,,-65.061279296875,1.6718173027038574,1155.138069442,74500,,742,,1736533559.124497,
191,,,-70.61410522460938,3.4808154106140137,1161.944154152,75300,,750,,1736533565.930578,
192,,,-65.47718811035156,2.5987045764923096,1162.795876062,75400,,751,,1736533566.7823014,
193,,,-70.45591735839844,2.9359326362609863,1167.883031285,76000,,757,,1736533571.869469,
194,,,-66.86186218261719,4.53456974029541,1169.58201745,76200,,759,,1736533573.5684538,
195,,,-71.27435302734375,4.6072187423706055,1173.827673293,76700,,764,,1736533577.8141038,
196,,,-60.0615234375,2.9544897079467773,1178.934566776,77300,,770,,1736533582.9210005,
197,,,-64.4207534790039,3.197591781616211,1179.784356499,77400,,771,,1736533583.7707922,
198,,,-68.36245727539062,3.183558464050293,1185.738255162,78100,,778,,1736533589.7247005,
199,,,-65.07717895507812,3.2617897987365723,1189.985205218,78600,,783,,1736533593.971635,
200,,,-62.92925262451172,18.527729034423828,1191.686494353,78800,,785,,1736533595.6729157,
201,,,-69.36976623535156,3.91060733795166,1195.939366947,79300,,790,,1736533599.9257948,
202,,,-63.34302520751953,2.836681365966797,1198.488375454,79600,,793,,1736533602.4748077,
203,,,-68.10052490234375,2.562692880630493,1201.891787512,80000,,797,,1736533605.8782108,
204,,,-70.6095199584961,3.2903084754943848,1291.138337375,80100,,799,,1736533695.1247683,
205,,,-67.42481994628906,3.6862869262695312,1292.839176979,80300,,801,,1736533696.8256075,
206,,,-70.29682159423828,3.024224281311035,1295.39109668,80600,,804,,1736533699.3775182,
207,,,-69.55502319335938,2.893341064453125,1296.242943394,80700,,805,,1736533700.2293735,
208,,,-67.38151550292969,2.9338293075561523,1298.798091828,81000,,808,,1736533702.784522,
209,,,-66.59574127197266,23.64447784423828,1303.050821971,81500,,813,,1736533707.0372503,
210,,,-73.03235626220703,2.2501468658447266,1307.304360191,82000,,818,,1736533711.2907867,
211,,,-67.48514556884766,3.2534661293029785,1309.858465457,82300,,821,,1736533713.8448968,
212,,,-66.50481414794922,7.891079425811768,1312.415750727,82600,,824,,1736533716.4021769,
213,,,-61.21062469482422,6.525113105773926,1318.379369404,83300,,831,,1736533722.3657963,
214,,,-68.97042846679688,7.388095855712891,1319.229834363,83400,,832,,1736533723.216265,
215,,,-67.77116394042969,2.689497470855713,1320.082085831,83500,,833,,1736533724.0685198,
216,,,-72.64881896972656,8.575336456298828,1322.639657652,83800,,836,,1736533726.6260831,
217,,,-66.58952331542969,2.07187557220459,1325.197649999,84100,,839,,1736533729.1840847,
218,,,-68.9627685546875,6.059162616729736,1327.74954064,84400,,842,,1736533731.735972,
219,,,-68.07546997070312,2.7346677780151367,1331.148749258,84800,,846,,1736533735.1351838,
220,,,-69.55012512207031,2.2722244262695312,1336.253094981,85400,,852,,1736533740.2395327,
221,,,-62.61720657348633,33.22774887084961,1339.665387222,85800,,856,,1736533743.6518166,
222,,,-67.30492401123047,2.4955852031707764,1341.370878963,86000,,858,,1736533745.3573055,
223,,,-66.96336364746094,2.7338614463806152,1345.628229564,86500,,863,,1736533749.6146586,
224,,,-74.12472534179688,4.195714950561523,1348.185070771,86800,,866,,1736533752.171502,
225,,,-61.914398193359375,2.22025203704834,1355.859651737,87700,,875,,1736533759.8460937,
226,,,-69.89215087890625,3.4013988971710205,1356.709089443,87800,,876,,1736533760.6955156,
227,,,-63.48500442504883,2.3071913719177246,1361.827016406,88400,,882,,1736533765.8134441,
228,,,-65.51465606689453,19.680431365966797,1362.679513582,88500,,883,,1736533766.6659436,
229,,,-71.70008850097656,2.646561861038208,1364.386910078,88700,,885,,1736533768.3733377,
230,,,-71.49588775634766,2.728304386138916,1366.945055171,89000,,888,,1736533770.9314861,
231,,,-69.83522033691406,3.3192124366760254,1367.800719503,89100,,889,,1736533771.787136,
232,,,-67.8113784790039,1.7463526725769043,1373.784176908,89800,,896,,1736533777.77061,
233,,,-66.52499389648438,24.01294708251953,1375.492106294,90000,,898,,1736533779.4785397,
234,"{'_type': 'table-file', 'ncols': 2, 'nrows': 2, 'path': 'media/table/eval/front_899_79de0177c864be31e3db.table.json', 'sha256': '79de0177c864be31e3dbbdc16d17f6429f655ce3a9ebf222cd6a94cf541c8e1d', 'size': 135, 'artifact_path': 'wandb-client-artifact://wa2yoj8bejkt6lyy251k5rawwrwnxda9ha2kdttb9cpafckvrzlyu7r4d6e7t5bz1asvb14xnf714a96fbjjtu75d7dj91snlhp5k7eipf24t6i9fyrn0lvabn70npl6/eval/front.table.json', '_latest_artifact_path': 'wandb-client-artifact://3o3cnwmhhcf8o421d52atcjuv3pv7ngutbrazm3gxpgjm3091994o8rryodeepziaagz28xsq8voj75rikuahtfzhtx3y7x5uujcjalxqnh68qneyfn1tu3lld07tcqn:latest/eval/front.table.json'}",1048.8649151749178,,,1490.812662691,90000,2.0,899,164.4913371704258,1736533894.7680354,71829.96071583878
235,,,-73.1333999633789,2.2348718643188477,1494.236398295,90400,,903,,1736533898.2228286,
236,,,-63.081504821777344,2.173015594482422,1495.96165027,90600,,905,,1736533899.9480922,
237,,,-70.82390594482422,1.9094055891036987,1498.546466799,90900,,908,,1736533902.5328987,
238,,,-68.03807067871094,2.211977481842041,1502.853754413,91400,,913,,1736533906.8401895,
239,,,-64.55427551269531,2.57075572013855,1503.714686299,91500,,914,,1736533907.701113,
240,,,-66.35801696777344,2.3054404258728027,1509.746989119,92200,,921,,1736533913.7334168,
241,,,-67.18411254882812,2.562664031982422,1514.913186459,92800,,927,,1736533918.8996184,
242,,,-71.28817749023438,3.007638454437256,1517.492756882,93100,,930,,1736533921.4791944,
243,,,-75.4317855834961,2.011021137237549,1520.082014517,93400,,933,,1736533924.0684457,
244,,,-72.30428314208984,2.702688217163086,1525.247841679,94000,,939,,1736533929.2342653,
245,,,-64.9014892578125,1.6870195865631104,1529.553381999,94500,,944,,1736533933.5398026,
246,,,-73.72640228271484,2.931262731552124,1539.032168899,95600,,955,,1736533943.0186036,
247,,,-75.3525390625,2.3984932899475098,1541.618551088,95900,,958,,1736533945.6049907,
248,,,-70.99249267578125,2.5103659629821777,1542.480578187,96000,,959,,1736533946.4669936,
249,,,-83.73097229003906,2.627796173095703,1545.06516552,96300,,962,,1736533949.0515952,
250,,,-74.18316650390625,2.1331114768981934,1550.231338125,96900,,968,,1736533954.217761,
251,,,-71.67729187011719,1.9962447881698608,1553.67578189,97300,,972,,1736533957.662217,
252,,,-76.00614166259766,1.9860446453094482,1554.53927699,97400,,973,,1736533958.5256677,
253,,,-70.69622039794922,2.408097505569458,1555.400527859,97500,,974,,1736533959.3869576,
254,,,-74.62142944335938,2.5162901878356934,1557.121312148,97700,,976,,1736533961.1077468,
255,,,-78.2287368774414,1.8977115154266357,1559.701562656,98000,,979,,1736533963.6879945,
256,,,-70.11856079101562,2.6164398193359375,1569.174792486,99100,,990,,1736533973.1612158,
257,,,-75.28498840332031,2.346986770629883,1570.89580975,99300,,992,,1736533974.8822317,
258,,,-74.62019348144531,1.4378334283828735,1571.757855077,99400,,993,,1736533975.7442775,
259,,,-68.30216979980469,2.712395668029785,1572.619756247,99500,,994,,1736533976.6061769,
260,,,-74.681640625,1.9136466979980469,1576.926666596,100000,,999,,1736533980.9130936,
261,,,-74.63790130615234,1.9773681163787842,1634.816276697,100100,,1001,,1736534038.8027341,
262,,,-73.02865600585938,2.4480295181274414,1637.412817575,100400,,1004,,1736534041.3992488,
263,,,-74.07909393310547,1.889398455619812,1638.276001542,100500,,1005,,1736534042.2624192,
264,,,-72.24397277832031,3.155590057373047,1640.865054682,100800,,1008,,1736534044.851489,
265,,,-70.38998413085938,2.3331053256988525,1643.447448298,101100,,1011,,1736534047.4338744,
266,,,-71.7646484375,2.508310317993164,1646.031732125,101400,,1014,,1736534050.018161,
267,,,-73.19998931884766,2.13812255859375,1648.61158243,101700,,1017,,1736534052.5979936,
268,,,-72.34799194335938,2.496432065963745,1649.470541577,101800,,1018,,1736534053.4569795,
269,,,-75.17881774902344,7.05064582824707,1650.329148195,101900,,1019,,1736534054.3155766,
270,,,-76.15162658691406,2.5202622413635254,1652.052661937,102100,,1021,,1736534056.039098,
271,,,-70.80131530761719,2.782057762145996,1660.656940208,103100,,1031,,1736534064.6434102,
272,,,-70.3709487915039,2.280994176864624,1664.103284335,103500,,1035,,1736534068.0897157,
273,,,-67.62836456298828,9.247725486755371,1664.963014734,103600,,1036,,1736534068.9494336,
274,,,-73.6193618774414,2.094588279724121,1669.270211615,104100,,1041,,1736534073.2566435,
275,,,-71.85954284667969,2.91845703125,1672.71901555,104500,,1045,,1736534076.7054431,
276,,,-75.26019287109375,2.8278441429138184,1673.580221941,104600,,1046,,1736534077.5666463,
277,,,-72.07026672363281,2.3816137313842773,1674.441812276,104700,,1047,,1736534078.4282486,
278,,,-72.56643676757812,2.272441864013672,1676.161809814,104900,,1049,,1736534080.1482384,
279,,,-80.5453109741211,2.169556140899658,1689.96193563,106500,,1065,,1736534093.948365,
280,,,-76.84133911132812,2.9147748947143555,1692.547384804,106800,,1068,,1736534096.5338101,
281,,,-76.44734954833984,2.0243818759918213,1702.898327906,108000,,1080,,1736534106.8847606,
282,,,-71.63599395751953,1.7062044143676758,1706.353834379,108400,,1084,,1736534110.340264,
283,,,-76.32171630859375,6.509120941162109,1707.216121496,108500,,1085,,1736534111.2025502,
284,,,-75.69332885742188,2.9076180458068848,1712.394310544,109100,,1091,,1736534116.3807344,
285,,,-71.79478454589844,2.153163433074951,1714.981657113,109400,,1094,,1736534118.9680738,
286,,,-75.91968536376953,2.4069371223449707,1717.565384514,109700,,1097,,1736534121.5518196,
287,,,-75.75824737548828,4.362896919250488,1806.417802803,110100,,1102,,1736534210.404227,
288,,,-77.95044708251953,7.528669834136963,1811.585272902,110700,,1108,,1736534215.5717084,
289,,,-73.01947784423828,2.5781917572021484,1814.168119158,111000,,1111,,1736534218.1545417,
290,,,-72.31863403320312,14.903406143188477,1815.890888334,111200,,1113,,1736534219.877348,
291,,,-74.96168518066406,1.9613218307495117,1817.620953063,111400,,1115,,1736534221.607365,
292,,,-66.4237289428711,2.0667190551757812,1820.206380905,111700,,1118,,1736534224.1928189,
293,,,-75.65222930908203,2.5123586654663086,1827.965032757,112600,,1127,,1736534231.9514637,
294,,,-82.41699981689453,8.622737884521484,1829.686037178,112800,,1129,,1736534233.6724539,
295,,,-76.7038345336914,1.5938903093338013,1830.547446384,112900,,1130,,1736534234.5338895,
296,,,-76.3908462524414,2.2460899353027344,1832.270793958,113100,,1132,,1736534236.2572253,
297,,,-71.03753662109375,8.037871360778809,1833.131510744,113200,,1133,,1736534237.1179361,
298,,,-77.89500427246094,2.1525440216064453,1840.01832383,114000,,1141,,1736534244.004759,
299,,,-77.70193481445312,1.6781785488128662,1840.880467549,114100,,1142,,1736534244.8668997,
300,,,-79.6577377319336,2.1523308753967285,1846.050985458,114700,,1148,,1736534250.0374224,
301,,,-76.20687866210938,10.970686912536621,1849.494527611,115100,,1152,,1736534253.4809494,
302,,,-72.95121765136719,2.1559176445007324,1851.217216092,115300,,1154,,1736534255.2036555,
303,,,-70.29399871826172,6.009905815124512,1855.519078977,115800,,1159,,1736534259.5055103,
304,,,-79.65825653076172,2.110311985015869,1858.102028223,116100,,1162,,1736534262.0884597,
305,,,-76.94766998291016,2.146646499633789,1858.963585432,116200,,1163,,1736534262.95002,
306,,,-78.04000854492188,1.9629666805267334,1863.279635098,116700,,1168,,1736534267.266061,
307,,,-73.42892456054688,3.652613639831543,1873.61821361,117900,,1180,,1736534277.6046398,
308,,,-82.39676666259766,1.766252875328064,1876.19860425,118200,,1183,,1736534280.1850305,
309,,,-73.53274536132812,4.916912078857422,1881.398779036,118800,,1189,,1736534285.3852124,
310,,,-78.76274108886719,2.0430548191070557,1883.120161524,119000,,1191,,1736534287.106592,
311,,,-76.27616119384766,1.8333152532577515,1888.287464772,119600,,1197,,1736534292.2738986,
312,,,-70.04911804199219,5.8595733642578125,1891.732458714,120000,,1201,,1736534295.7188926,
313,,,-79.79481506347656,2.0083322525024414,1959.406780194,120200,,1204,,1736534363.393217,
314,,,-74.13671875,2.31748104095459,1962.809387274,120600,,1208,,1736534366.7958205,
315,,,-81.21717071533203,3.665086507797241,1966.211824872,121000,,1212,,1736534370.1982696,
316,,,-72.25003814697266,1.962388277053833,1967.06118185,121100,,1213,,1736534371.0476139,
317,,,-74.01881408691406,2.0104928016662598,1967.910463091,121200,,1214,,1736534371.8968964,
318,,,-82.48089599609375,2.226047992706299,1973.015366511,121800,,1220,,1736534377.001787,
319,,,-76.38916015625,2.300949811935425,1976.418927706,122200,,1224,,1736534380.4053626,
320,,,-75.74134826660156,6.205503463745117,1977.269049295,122300,,1225,,1736534381.2554789,
321,,,-85.44463348388672,2.993011474609375,1978.11944489,122400,,1226,,1736534382.1058683,
322,,,-83.38906860351562,2.466169834136963,1981.522621059,122800,,1230,,1736534385.5090394,
323,,,-76.15866088867188,2.1131162643432617,1990.049307074,123800,,1240,,1736534394.0357368,
324,,,-76.83175659179688,4.691201210021973,1996.002308785,124500,,1247,,1736534399.9887471,
325,,,-79.85116577148438,1.7364189624786377,1996.861000951,124600,,1248,,1736534400.8474302,
326,,,-80.96174621582031,1.9495923519134521,1999.438607257,124900,,1251,,1736534403.4250395,
327,,,-78.61748504638672,3.627535343170166,2000.288721743,125000,,1252,,1736534404.2751582,
328,,,-82.24898529052734,3.3004283905029297,2001.1379476,125100,,1253,,1736534405.124377,
329,,,-79.81780242919922,1.874003291130066,2001.988388881,125200,,1254,,1736534405.9748228,
330,,,-79.50772857666016,1.730879783630371,2003.686153524,125400,,1256,,1736534407.6725814,
331,,,-81.73433685302734,2.1058473587036133,2008.783034615,126000,,1262,,1736534412.769464,
332,,,-81.64408874511719,2.6278839111328125,2014.734745057,126700,,1269,,1736534418.7211695,
333,,,-82.3283920288086,2.308505058288574,2018.127860141,127100,,1273,,1736534422.1142938,
334,,,-84.61611938476562,2.1534080505371094,2024.928254058,127900,,1281,,1736534428.9146655,
335,,,-82.76689910888672,5.214888572692871,2026.64595819,128100,,1283,,1736534430.6323977,
336,,,-78.29478454589844,1.5375919342041016,2028.365030141,128300,,1285,,1736534432.351463,
337,,,-77.69547271728516,2.4117205142974854,2030.080150812,128500,,1287,,1736534434.0665808,
338,,,-80.92618560791016,2.557940721511841,2035.265056853,129100,,1293,,1736534439.2514956,
339,,,-74.83039093017578,16.676803588867188,2037.861262699,129400,,1296,,1736534441.8476954,
340,"{'size': 589, 'artifact_path': 'wandb-client-artifact://my7wdjjpwrkz57xq2k438avmzh7dzxhbi91b0prehqnel5p8rxwut3m07x6yh3v0wxm9p8u2886ajwauce85btqid5m74iqur7tb6fhcts6rzxcza5nunvgeajljq9ik/eval/front.table.json', '_latest_artifact_path': 'wandb-client-artifact://pr3tvgoojx36iwwozh87sulylxom6ay417mkpw259ange239oxxqkdg4gmdh0407zh2895nqpx6f5dxod27vrhqim68dggq065ncfbqndji4l2z2q07w1dmri6ncczza:latest/eval/front.table.json', '_type': 'table-file', 'ncols': 2, 'nrows': 13, 'path': 'media/table/eval/front_1303_b8c6fc7b584095b8c6c3.table.json', 'sha256': 'b8c6fc7b584095b8c6c34de4b2e4d9df30c5f6440d414be42707bd2ae11e183a'}",370.1528634408903,,,2157.008251903,130000,13.0,1303,188.10172345902131,1736534560.9946535,86796.34758999312
341,,,-81.86385345458984,2.042590618133545,2161.293695226,130500,,1308,,1736534565.2801242,
342,,,-84.4992446899414,2.2767276763916016,2171.592618395,131700,,1320,,1736534575.5790477,
343,,,-83.54988861083984,2.7724509239196777,2176.792440958,132300,,1326,,1736534580.7788725,
344,,,-78.49938201904297,1.9837450981140137,2179.398724376,132600,,1329,,1736534583.3851488,
345,,,-86.99057006835938,2.5108530521392822,2185.47393157,133300,,1336,,1736534589.4603617,
346,,,-81.60993957519531,2.7039437294006348,2188.091726839,133600,,1339,,1736534592.0781593,
347,,,-87.71519470214844,3.4503021240234375,2188.961265288,133700,,1340,,1736534592.947696,
348,,,-82.92832946777344,2.2853446006774902,2189.828979447,133800,,1341,,1736534593.8154106,
349,,,-75.99131774902344,2.312795639038086,2190.697849534,133900,,1342,,1736534594.6843073,
350,,,-82.19029998779297,22.365108489990234,2192.438125319,134100,,1344,,1736534596.424552,
351,,,-81.08805084228516,10.281856536865234,2195.914689596,134500,,1348,,1736534599.9011366,
352,,,-81.5741958618164,3.4539124965667725,2199.386580484,134900,,1352,,1736534603.3730216,
353,,,-85.79138946533203,2.326674461364746,2200.255697399,135000,,1353,,1736534604.2421222,
354,,,-83.76167297363281,2.6508429050445557,2201.992009937,135200,,1355,,1736534605.9784482,
355,,,-91.86326599121094,2.729902505874634,2208.93766155,136000,,1363,,1736534612.924093,
356,,,-82.68766784667969,2.2255501747131348,2209.805730076,136100,,1364,,1736534613.792164,
357,,,-84.6249771118164,1.9737815856933594,2216.773513157,136900,,1372,,1736534620.7599456,
358,,,-84.32389068603516,2.6966843605041504,2217.645468148,137000,,1373,,1736534621.6318998,
359,,,-86.84065246582031,1.936222791671753,2218.517329647,137100,,1374,,1736534622.5037606,
360,,,-92.4355697631836,2.5420665740966797,2219.390035159,137200,,1375,,1736534623.3764644,
361,,,-90.0232925415039,3.2879457473754883,2224.624842565,137800,,1381,,1736534628.6112747,
362,,,-89.63870239257812,4.354740619659424,2226.36626919,138000,,1383,,1736534630.3527026,
363,,,-81.45899963378906,2.087766170501709,2228.976418476,138300,,1386,,1736534632.9628484,
364,,,-87.71450805664062,2.0753300189971924,2231.59196711,138600,,1389,,1736534635.578403,
365,,,-89.25463104248047,3.125568389892578,2233.333775753,138800,,1391,,1736534637.3202019,
366,,,-85.83114624023438,3.4533660411834717,2234.20543727,138900,,1392,,1736534638.191853,
367,,,-86.03243255615234,2.985002279281616,2235.948544356,139100,,1394,,1736534639.934988,
368,,,-86.55766296386719,2.543990135192871,2237.699132087,139300,,1396,,1736534641.6855586,
369,,,-82.24024200439453,3.4612364768981934,2240.310844732,139600,,1399,,1736534644.297274,
370,,,-83.38275146484375,3.0444865226745605,2242.917329159,139900,,1402,,1736534646.9037578,
371,,,-87.05159759521484,2.8621089458465576,2361.00877255,140200,,1406,,1736534764.9952104,
372,,,-89.69700622558594,6.423169136047363,2364.49849008,140600,,1410,,1736534768.4849162,
373,,,-91.18537139892578,2.786670446395874,2370.602288726,141300,,1417,,1736534774.588723,
374,,,-88.0980453491211,2.946056365966797,2374.087092675,141700,,1421,,1736534778.0735202,
375,,,-83.28334045410156,3.2135279178619385,2377.580155576,142100,,1425,,1736534781.566586,
376,,,-88.98970031738281,3.0862526893615723,2386.310724018,143100,,1435,,1736534790.297152,
377,,,-86.04840087890625,2.554873466491699,2387.181782325,143200,,1436,,1736534791.168208,
378,,,-85.73107147216797,3.948881149291992,2389.79746502,143500,,1439,,1736534793.7838979,
379,,,-89.02623748779297,3.160501003265381,2393.289111425,143900,,1443,,1736534797.2755406,
380,,,-87.67155456542969,3.1796228885650635,2398.52538913,144500,,1449,,1736534802.5118227,
381,,,-83.35954284667969,5.615978717803955,2411.617032569,146000,,1464,,1736534815.6034725,
382,,,-92.7996597290039,3.5123209953308105,2428.19129252,147900,,1483,,1736534832.1777177,
383,,,-87.00935363769531,5.500336647033691,2429.928247419,148100,,1485,,1736534833.9146802,
384,,,-88.37731170654297,3.8128044605255127,2433.403492873,148500,,1489,,1736534837.3899224,
385,,,-87.70003509521484,5.722318172454834,2436.879772299,148900,,1493,,1736534840.8662126,
386,,,-87.35206604003906,32.21470260620117,2437.748517738,149000,,1494,,1736534841.7349446,
387,,,-90.06982421875,4.737764358520508,2446.464424649,150000,,1504,,1736534850.4508586,
388,,,-95.69330596923828,3.973655939102173,2585.294141208,150900,,1514,,1736534989.2805727,
389,,,-96.78520202636719,6.83900260925293,2587.044336667,151100,,1516,,1736534991.030771,
390,,,-93.65010833740234,3.621969699859619,2594.046319753,151900,,1524,,1736534998.0327559,
391,,,-92.8261947631836,3.5134458541870117,2594.918179328,152000,,1525,,1736534998.9046128,
392,,,-85.55952453613281,14.310905456542969,2596.672179637,152200,,1527,,1736535000.6586092,
393,,,-86.62962341308594,4.757393836975098,2597.55573347,152300,,1528,,1736535001.542161,
394,,,-94.12582397460938,6.6173601150512695,2598.433450501,152400,,1529,,1736535002.4198804,
395,,,-95.95877838134766,4.087298393249512,2603.701766876,153000,,1535,,1736535007.6882102,
396,,,-92.77871704101562,3.3013768196105957,2605.450126618,153200,,1537,,1736535009.4365559,
397,,,-94.28749084472656,4.057487487792969,2610.707442703,153800,,1543,,1736535014.6938953,
398,,,-84.81427001953125,2.674306631088257,2617.70217326,154600,,1551,,1736535021.6886077,
399,,,-95.16667938232422,3.7937111854553223,2620.325716678,154900,,1554,,1736535024.3121464,
400,,,-92.90331268310547,6.518781661987305,2627.324766413,155700,,1562,,1736535031.311195,
401,,,-95.17679595947266,3.8550777435302734,2635.197948046,156600,,1571,,1736535039.1843798,
402,,,-94.84125518798828,12.527746200561523,2638.70135483,157000,,1575,,1736535042.6877873,
403,,,-87.01802825927734,3.7590765953063965,2640.456557419,157200,,1577,,1736535044.4430068,
404,,,-95.65328216552734,4.758951187133789,2646.571204592,157900,,1584,,1736535050.5576336,
405,,,-86.51165008544922,2.4579811096191406,2652.695668836,158600,,1591,,1736535056.6820984,
406,,,-97.57881164550781,4.541900634765625,2654.446935238,158800,,1593,,1736535058.433349,
407,,,-99.81796264648438,4.6775007247924805,2658.822185454,159300,,1598,,1736535062.8086164,
408,,,-98.71372985839844,4.124472141265869,2814.113508061,160100,,1607,,1736535218.099942,
409,,,-90.01351165771484,3.683818817138672,2821.833309885,161000,,1616,,1736535225.819749,
410,,,-90.47333526611328,5.034050941467285,2825.264188224,161400,,1620,,1736535229.2506227,
411,,,-88.70075988769531,4.3660969734191895,2827.832259884,161700,,1623,,1736535231.8186922,
412,,,-87.80290222167969,6.00099515914917,2828.686951281,161800,,1624,,1736535232.6733747,
413,,,-87.94390869140625,5.720456123352051,2830.397669964,162000,,1626,,1736535234.3841064,
414,,,-92.47966766357422,4.159196376800537,2835.543220423,162600,,1632,,1736535239.529651,
415,,,-101.28821563720703,3.1704154014587402,2838.982330916,163000,,1636,,1736535242.9687626,
416,,,-95.3131103515625,4.219436168670654,2845.837973533,163800,,1644,,1736535249.8244052,
417,,,-98.06179809570312,3.248615264892578,2847.553351335,164000,,1646,,1736535251.5397515,
418,,,-97.1190185546875,4.206017017364502,2850.986148901,164400,,1650,,1736535254.9725907,
419,,,-98.32856750488281,5.895610809326172,2859.554838465,165400,,1660,,1736535263.541267,
420,,,-91.98431396484375,4.270149230957031,2862.986177408,165800,,1664,,1736535266.972609,
421,,,-90.52522277832031,4.583785533905029,2865.561040014,166100,,1667,,1736535269.5474706,
422,,,-90.08209991455078,7.674002647399902,2872.42512828,166900,,1675,,1736535276.4115667,
423,,,-97.121337890625,6.332674980163574,2876.703482402,167400,,1680,,1736535280.6899157,
424,,,-94.31424713134766,3.4110043048858643,2877.561430573,167500,,1681,,1736535281.5478654,
425,,,-92.23228454589844,5.6621222496032715,2878.418686317,167600,,1682,,1736535282.405122,
426,,,-88.78984069824219,50.900245666503906,2885.280076442,168400,,1690,,1736535289.2665064,
427,,,-93.01578521728516,3.4717586040496826,2888.706658806,168800,,1694,,1736535292.693093,
428,,,-93.54823303222656,3.6703941822052,2889.563320221,168900,,1695,,1736535293.5497475,
429,,,-87.70283508300781,5.376333236694336,2892.98425757,169300,,1699,,1736535296.9706886,
430,,,-100.03179931640625,3.7184219360351562,2898.135606567,169900,,1705,,1736535302.1220398,
431,"{'sha256': 'fbe92cd04e72a11811877db084dcfaa9249191d446e800d5bd458a73381bd2c8', 'size': 423, 'artifact_path': 'wandb-client-artifact://rw955jaoxnz35eza0vz3fxo3y6c3ir1qxcausnbhft6rfdlixwoi7lmfjb9jozon6nveyr91hb192g462ghtrxkftp5b6hdjxb44xo5jhbpq0ivcw6b20ymqwskc0gzz/eval/front.table.json', '_latest_artifact_path': 'wandb-client-artifact://itcjfias6pwqtm7kkfmt29c07w9c6hk58xzryybtmct09qxg0a0jwuc4ihhpwcn59tqtzunx0vt1q6r9ymo0xlci5u757m98buriwcz45ac5ydnf5syvyo7a9pwocznt:latest/eval/front.table.json', '_type': 'table-file', 'ncols': 2, 'nrows': 9, 'path': 'media/table/eval/front_1707_fbe92cd04e72a1181187.table.json'}",357.187154678646,,,3012.077603269,170000,9.0,1707,184.48229581906352,1736535416.0641024,85234.49575723156
432,,,-96.55641174316406,4.9002685546875,3015.510185616,170400,,1711,,1736535419.496617,
433,,,-98.6997299194336,3.936215877532959,3023.224424892,171300,,1720,,1736535427.2108507,
434,,,-93.79698944091797,5.207569122314453,3025.789222731,171600,,1723,,1736535429.7756534,
435,,,-99.22622680664062,5.213191032409668,3030.064384503,172100,,1728,,1736535434.0508196,
436,,,-97.9959945678711,4.019052982330322,3031.776727479,172300,,1730,,1736535435.7631392,
437,,,-100.38822174072266,5.344954490661621,3033.488893393,172500,,1732,,1736535437.4753237,
438,,,-100.07682800292969,5.258711814880371,3038.617885866,173100,,1738,,1736535442.6043234,
439,,,-94.92328643798828,5.742053508758545,3039.473829589,173200,,1739,,1736535443.4602692,
440,,,-93.70638275146484,4.963168144226074,3041.185390087,173400,,1741,,1736535445.1718283,
441,,,-98.709228515625,3.684145927429199,3043.751291071,173700,,1744,,1736535447.737718,
442,,,-97.5985107421875,3.794872760772705,3056.578843378,175200,,1759,,1736535460.5652714,
443,,,-97.93922424316406,6.245552062988281,3057.433680206,175300,,1760,,1736535461.420115,
444,,,-97.3211669921875,5.091885566711426,3058.288277197,175400,,1761,,1736535462.2747085,
445,,,-97.62420654296875,3.7102489471435547,3059.145131539,175500,,1762,,1736535463.1315732,
446,,,-99.64746856689453,12.126726150512695,3063.415352792,176000,,1767,,1736535467.4017828,
447,,,-91.52861022949219,5.337872505187988,3065.979808827,176300,,1770,,1736535469.9662585,
448,,,-105.42594146728516,5.273520469665527,3074.530956992,177300,,1780,,1736535478.5173867,
449,,,-103.98453521728516,5.569085597991943,3076.245962246,177500,,1782,,1736535480.2323983,
450,,,-95.16346740722656,4.50445032119751,3085.714202997,178600,,1793,,1736535489.7006328,
451,,,-97.93305969238281,4.168420791625977,3088.283906176,178900,,1796,,1736535492.2703342,
452,,,-93.34295654296875,4.519899368286133,3089.991099732,179100,,1798,,1736535493.9775355,
453,,,-95.05847930908203,5.764891624450684,3094.268149891,179600,,1803,,1736535498.254581,
454,,,-97.72789764404297,4.848769664764404,3096.859886851,179900,,1806,,1736535500.8463185,
455,,,-99.28355407714844,12.773603439331055,3244.259839514,180200,,1810,,1736535648.2462711,
456,,,-93.58365631103516,4.4406938552856445,3245.124475892,180300,,1811,,1736535649.11089,
457,,,-91.73652648925781,7.288125991821289,3247.710960662,180600,,1814,,1736535651.6973863,
458,,,-93.73603820800781,6.63653564453125,3262.417591075,182300,,1831,,1736535666.404026,
459,,,-98.0711441040039,3.6466639041900635,3265.88591248,182700,,1835,,1736535669.8723402,
460,,,-95.2017593383789,4.531705856323242,3268.486051446,183000,,1838,,1736535672.4724753,
461,,,-96.76676940917969,27.032642364501953,3276.294676284,183900,,1847,,1736535680.2811,
462,,,-96.75209045410156,13.482440948486328,3277.158689442,184000,,1848,,1736535681.1451242,
463,,,-101.07569885253906,2.9847893714904785,3278.889464374,184200,,1850,,1736535682.8758917,
464,,,-100.02491760253906,5.186830520629883,3287.538309128,185200,,1860,,1736535691.524733,
465,,,-96.78436279296875,6.7661027908325195,3288.402433311,185300,,1861,,1736535692.3888595,
466,,,-91.1680908203125,13.397069931030273,3289.266468793,185400,,1862,,1736535693.2528985,
467,,,-96.82872009277344,9.097360610961914,3291.860259001,185700,,1865,,1736535695.8466783,
468,,,-102.7095718383789,6.171591758728027,3292.727324304,185800,,1866,,1736535696.7137244,
469,,,-99.88819885253906,4.064187526702881,3294.456007564,186000,,1868,,1736535698.4424307,
470,,,-101.84064483642578,6.92277193069458,3295.32275729,186100,,1869,,1736535699.30917,
471,,,-95.14946746826172,7.064037799835205,3300.507740511,186700,,1875,,1736535704.4941819,
472,,,-103.26605987548828,5.724430084228516,3301.370201567,186800,,1876,,1736535705.3566284,
473,,,-102.77069091796875,6.4531121253967285,3310.843103969,187900,,1887,,1736535714.8295426,
474,,,-105.82347106933594,6.701176643371582,3316.840763713,188600,,1894,,1736535720.8272052,
475,,,-98.40110778808594,13.696678161621094,3323.689924835,189400,,1902,,1736535727.6763587,
476,,,-101.58766174316406,4.864797592163086,3328.824349299,190000,,1908,,1736535732.81078,
477,,,-93.91299438476562,13.617706298828125,3492.61876948,190900,,1918,,1736535896.6051946,
478,,,-98.73490142822266,6.1865553855896,3494.3252486,191100,,1920,,1736535898.311684,
479,,,-99.15706634521484,10.655107498168945,3496.032188491,191300,,1922,,1736535900.0186274,
480,,,-104.66644287109375,5.1208271980285645,3496.885649114,191400,,1923,,1736535900.872081,
481,,,-103.20002746582031,6.631635665893555,3501.15370395,191900,,1928,,1736535905.1401346,
482,,,-101.15348815917969,6.232245445251465,3502.005872722,192000,,1929,,1736535905.9923046,
483,,,-104.36566162109375,6.943706035614014,3508.020876199,192700,,1936,,1736535912.0073051,
484,,,-99.10025024414062,10.224899291992188,3512.335713536,193200,,1941,,1736535916.3221385,
485,,,-103.7761459350586,6.895258903503418,3518.386000767,193900,,1948,,1736535922.3724337,
486,,,-107.13749694824219,6.946503639221191,3520.984019138,194200,,1951,,1736535924.9704545,
487,,,-105.43224334716797,11.739837646484375,3523.576427249,194500,,1954,,1736535927.5628493,
488,,,-102.82736206054688,3.339231491088867,3526.165955364,194800,,1957,,1736535930.1523948,
489,,,-94.37577056884766,5.205474853515625,3530.505410947,195300,,1962,,1736535934.4918468,
490,,,-102.39982604980469,4.90641975402832,3534.827136973,195800,,1967,,1736535938.813565,
491,,,-98.51834106445312,4.041624546051025,3542.603413457,196700,,1976,,1736535946.5898368,
492,,,-100.47149658203125,9.000739097595215,3546.141571036,197100,,1980,,1736535950.1279953,
493,,,-105.19044494628906,5.3037109375,3549.709675564,197500,,1984,,1736535953.6961057,
494,,,-102.27938842773438,3.9431636333465576,3560.103559188,198700,,1996,,1736535964.0899868,
495,,,-103.06910705566406,6.617740631103516,3563.607368691,199100,,2000,,1736535967.5937824,
496,,,-101.41128540039062,4.962652206420898,3564.481809068,199200,,2001,,1736535968.468238,
497,,,-101.19607543945312,4.703167915344238,3565.356902998,199300,,2002,,1736535969.3433356,
498,,,-104.56721496582031,5.386536598205566,3566.230475121,199400,,2003,,1736535970.216907,
499,,,-111.55158996582031,4.932239532470703,3571.4706966,200000,,2009,,1736535975.4571304,
